"cross_space","cross_run","p_obs","comm_stat","(0,0.333]","(0.333,0.667]","(0.667,1]","scale","land_het","hp"
"mean","2.5%",0.1,"rich",3.340478515625,2.515283203125,0.077685546875,NA,0.000977517106549364,"0.5"
"mean","2.5%",0.1,"abun",3.769921875,3.379541015625,0.11884765625,NA,0.000977517106549364,"0.5"
"mean","2.5%",0.2,"rich",2.620068359375,5.1114501953125,2.5807861328125,NA,0.000977517106549364,"0.5"
"mean","2.5%",0.2,"abun",2.9800537109375,7.2406494140625,4.61083984375,NA,0.000977517106549364,"0.5"
"mean","2.5%",0.3,"rich",2.17080078125,4.97568359375,6.0478759765625,NA,0.000977517106549364,"0.5"
"mean","2.5%",0.3,"abun",2.457177734375,7.268994140625,12.7467529296875,NA,0.000977517106549364,"0.5"
"mean","2.5%",0.4,"rich",2.038818359375,4.4354248046875,9.334130859375,NA,0.000977517106549364,"0.5"
"mean","2.5%",0.4,"abun",2.307861328125,6.4721435546875,22.5302978515625,NA,0.000977517106549364,"0.5"
"mean","2.5%",0.5,"rich",1.8955810546875,4.122216796875,11.946728515625,NA,0.000977517106549364,"0.5"
"mean","2.5%",0.5,"abun",2.146484375,6.0907470703125,32.649072265625,NA,0.000977517106549364,"0.5"
"mean","2.5%",0.6,"rich",1.707421875,3.65224609375,14.0244873046875,NA,0.000977517106549364,"0.5"
"mean","2.5%",0.6,"abun",2.0052490234375,5.4849853515625,42.779345703125,NA,0.000977517106549364,"0.5"
"mean","2.5%",0.7,"rich",1.3770263671875,3.380517578125,15.8399658203125,NA,0.000977517106549364,"0.5"
"mean","2.5%",0.7,"abun",1.670751953125,5.07275390625,52.698486328125,NA,0.000977517106549364,"0.5"
"mean","2.5%",0.8,"rich",1.1164794921875,3.171630859375,17.547607421875,NA,0.000977517106549364,"0.5"
"mean","2.5%",0.8,"abun",1.3671875,4.692529296875,62.60478515625,NA,0.000977517106549364,"0.5"
"mean","2.5%",0.9,"rich",0.9070556640625,3.071240234375,18.84677734375,NA,0.000977517106549364,"0.5"
"mean","2.5%",0.9,"abun",1.09873046875,4.557470703125,72.49580078125,NA,0.000977517106549364,"0.5"
"mean","2.5%",1,"rich",0.72529296875,3.013134765625,19.7337646484375,NA,0.000977517106549364,"0.5"
"mean","2.5%",1,"abun",0.892138671875,4.4349609375,82.277783203125,NA,0.000977517106549364,"0.5"
"mean","50%",0.1,"rich",4.02587890625,3.21337890625,0.36962890625,NA,0.000977517106549364,"0.5"
"mean","50%",0.1,"abun",4.53369140625,4.228515625,0.61376953125,NA,0.000977517106549364,"0.5"
"mean","50%",0.2,"rich",3.41748046875,5.8759765625,3.43310546875,NA,0.000977517106549364,"0.5"
"mean","50%",0.2,"abun",3.90869140625,8.294921875,6.6904296875,NA,0.000977517106549364,"0.5"
"mean","50%",0.3,"rich",2.8818359375,6.2060546875,7.26953125,NA,0.000977517106549364,"0.5"
"mean","50%",0.3,"abun",3.302734375,9.0205078125,16.087890625,NA,0.000977517106549364,"0.5"
"mean","50%",0.4,"rich",2.46826171875,5.97705078125,10.71728515625,NA,0.000977517106549364,"0.5"
"mean","50%",0.4,"abun",2.84716796875,8.732421875,26.11572265625,NA,0.000977517106549364,"0.5"
"mean","50%",0.5,"rich",2.203125,5.63623046875,13.46923828125,NA,0.000977517106549364,"0.5"
"mean","50%",0.5,"abun",2.5517578125,8.30078125,36.3037109375,NA,0.000977517106549364,"0.5"
"mean","50%",0.6,"rich",1.990234375,5.29638671875,15.810546875,NA,0.000977517106549364,"0.5"
"mean","50%",0.6,"abun",2.3125,7.8486328125,46.42529296875,NA,0.000977517106549364,"0.5"
"mean","50%",0.7,"rich",1.83349609375,4.98388671875,17.76416015625,NA,0.000977517106549364,"0.5"
"mean","50%",0.7,"abun",2.130859375,7.40673828125,56.47509765625,NA,0.000977517106549364,"0.5"
"mean","50%",0.8,"rich",1.71044921875,4.76708984375,19.3037109375,NA,0.000977517106549364,"0.5"
"mean","50%",0.8,"abun",1.95849609375,7.04833984375,66.4228515625,NA,0.000977517106549364,"0.5"
"mean","50%",0.9,"rich",1.58056640625,4.53271484375,20.65380859375,NA,0.000977517106549364,"0.5"
"mean","50%",0.9,"abun",1.84765625,6.7158203125,76.2998046875,NA,0.000977517106549364,"0.5"
"mean","50%",1,"rich",1.44873046875,4.32958984375,21.748046875,NA,0.000977517106549364,"0.5"
"mean","50%",1,"abun",1.69580078125,6.4775390625,86.15185546875,NA,0.000977517106549364,"0.5"
"mean","97.5%",0.1,"rich",4.6515380859375,3.79765625,0.8631591796875,NA,0.000977517106549364,"0.5"
"mean","97.5%",0.1,"abun",5.1803466796875,5.085546875,1.6164794921875,NA,0.000977517106549364,"0.5"
"mean","97.5%",0.2,"rich",4.11484375,6.7732177734375,4.4072509765625,NA,0.000977517106549364,"0.5"
"mean","97.5%",0.2,"abun",4.7611572265625,9.585205078125,8.68798828125,NA,0.000977517106549364,"0.5"
"mean","97.5%",0.3,"rich",3.3553955078125,7.606787109375,8.429052734375,NA,0.000977517106549364,"0.5"
"mean","97.5%",0.3,"abun",3.8720703125,10.80849609375,18.5906494140625,NA,0.000977517106549364,"0.5"
"mean","97.5%",0.4,"rich",2.90634765625,7.7300048828125,11.9176025390625,NA,0.000977517106549364,"0.5"
"mean","97.5%",0.4,"abun",3.3717041015625,11.354052734375,29.286572265625,NA,0.000977517106549364,"0.5"
"mean","97.5%",0.5,"rich",2.5501953125,7.3045654296875,14.6669921875,NA,0.000977517106549364,"0.5"
"mean","97.5%",0.5,"abun",2.9851318359375,10.7220458984375,40.0148681640625,NA,0.000977517106549364,"0.5"
"mean","97.5%",0.6,"rich",2.3030029296875,6.90927734375,16.874267578125,NA,0.000977517106549364,"0.5"
"mean","97.5%",0.6,"abun",2.6465087890625,10.27021484375,50.3863525390625,NA,0.000977517106549364,"0.5"
"mean","97.5%",0.7,"rich",2.1265869140625,6.4880615234375,18.839599609375,NA,0.000977517106549364,"0.5"
"mean","97.5%",0.7,"abun",2.468896484375,9.6614501953125,60.6205322265625,NA,0.000977517106549364,"0.5"
"mean","97.5%",0.8,"rich",2.041845703125,6.1994140625,20.6791015625,NA,0.000977517106549364,"0.5"
"mean","97.5%",0.8,"abun",2.3533935546875,9.233740234375,70.620458984375,NA,0.000977517106549364,"0.5"
"mean","97.5%",0.9,"rich",1.9548583984375,5.8064697265625,22.38818359375,NA,0.000977517106549364,"0.5"
"mean","97.5%",0.9,"abun",2.2300537109375,8.7423828125,80.4068115234375,NA,0.000977517106549364,"0.5"
"mean","97.5%",1,"rich",1.87607421875,5.5021728515625,23.903564453125,NA,0.000977517106549364,"0.5"
"mean","97.5%",1,"abun",2.1658447265625,8.3394287109375,90.4355224609375,NA,0.000977517106549364,"0.5"
"var","2.5%",0.1,"rich",3.52783024136272,2.25845246823069,0.080392190554741,NA,0.000977517106549364,"0.5"
"var","2.5%",0.1,"abun",5.05116366538368,4.75246558166086,0.226247408243218,NA,0.000977517106549364,"0.5"
"var","2.5%",0.2,"rich",3.52418915719697,4.02582315722752,2.14765090420332,NA,0.000977517106549364,"0.5"
"var","2.5%",0.2,"abun",5.13160131907533,10.239904534572,11.4029994931039,NA,0.000977517106549364,"0.5"
"var","2.5%",0.3,"rich",2.67855454908205,5.65999012459525,4.18365713587488,NA,0.000977517106549364,"0.5"
"var","2.5%",0.3,"abun",3.89678755804008,13.8571270924976,32.0755703774132,NA,0.000977517106549364,"0.5"
"var","2.5%",0.4,"rich",2.28958419247923,7.08324646413734,5.01581019367058,NA,0.000977517106549364,"0.5"
"var","2.5%",0.4,"abun",3.28762028042522,16.6648189302297,49.1768026790078,NA,0.000977517106549364,"0.5"
"var","2.5%",0.5,"rich",2.14241748858291,7.72436919599218,5.09183451036321,NA,0.000977517106549364,"0.5"
"var","2.5%",0.5,"abun",3.05631932830065,18.8821043489965,62.4156864766618,NA,0.000977517106549364,"0.5"
"var","2.5%",0.6,"rich",2.00134038692113,6.73336667296707,5.88903653470186,NA,0.000977517106549364,"0.5"
"var","2.5%",0.6,"abun",3.02317870616447,18.1681447794477,77.7160592505193,NA,0.000977517106549364,"0.5"
"var","2.5%",0.7,"rich",1.7907042323436,5.83238330889541,6.93233901515151,NA,0.000977517106549364,"0.5"
"var","2.5%",0.7,"abun",2.7302386898216,17.0631342405914,84.3100983769779,NA,0.000977517106549364,"0.5"
"var","2.5%",0.8,"rich",1.56019557978983,5.17075725119135,8.31100747266007,NA,0.000977517106549364,"0.5"
"var","2.5%",0.8,"abun",2.49640962930718,15.3244385958883,89.5711256577239,NA,0.000977517106549364,"0.5"
"var","2.5%",0.9,"rich",1.30306390518084,4.74049316883553,9.95876080614614,NA,0.000977517106549364,"0.5"
"var","2.5%",0.9,"abun",2.11849722018573,14.3204012545439,94.6278635332661,NA,0.000977517106549364,"0.5"
"var","2.5%",1,"rich",1.15760401392962,4.40611263211755,12.0236444586999,NA,0.000977517106549364,"0.5"
"var","2.5%",1,"abun",1.82327490663948,13.1409199972889,100.229133613415,NA,0.000977517106549364,"0.5"
"var","50%",0.1,"rich",4.312833634989,3.08441728907014,0.308465832722385,NA,0.000977517106549364,"0.5"
"var","50%",0.1,"abun",5.94555258354717,6.6752137364064,1.15221344620601,NA,0.000977517106549364,"0.5"
"var","50%",0.2,"rich",4.03667550632331,5.2780186568304,3.58837174670088,NA,0.000977517106549364,"0.5"
"var","50%",0.2,"abun",5.86364543239858,12.5487531883859,16.7381285129521,NA,0.000977517106549364,"0.5"
"var","50%",0.3,"rich",3.04768021062439,8.38410265075147,6.38786761898216,NA,0.000977517106549364,"0.5"
"var","50%",0.3,"abun",4.54896367913001,19.2769919774866,43.2611913298815,NA,0.000977517106549364,"0.5"
"var","50%",0.4,"rich",2.61649588755499,10.7603016365775,7.61991385630498,NA,0.000977517106549364,"0.5"
"var","50%",0.4,"abun",3.91782508171432,24.6209729922715,68.8761455278592,NA,0.000977517106549364,"0.5"
"var","50%",0.5,"rich",2.44024831225562,11.3429323794905,8.18875578491569,NA,0.000977517106549364,"0.5"
"var","50%",0.5,"abun",3.61074581500489,26.7425936850868,91.869015571542,NA,0.000977517106549364,"0.5"
"var","50%",0.6,"rich",2.37232280593231,10.3405878658052,9.03880189241202,NA,0.000977517106549364,"0.5"
"var","50%",0.6,"abun",3.47115465389785,25.4251082523827,112.354861620235,NA,0.000977517106549364,"0.5"
"var","50%",0.7,"rich",2.34349321083822,9.05653514097629,10.4894434834739,NA,0.000977517106549364,"0.5"
"var","50%",0.7,"abun",3.41379807398583,22.8608026140946,135.050555485551,NA,0.000977517106549364,"0.5"
"var","50%",0.8,"rich",2.3315844941349,7.95423568472019,12.6346587090665,NA,0.000977517106549364,"0.5"
"var","50%",0.8,"abun",3.33062797837243,20.1437847476784,153.811409362017,NA,0.000977517106549364,"0.5"
"var","50%",0.9,"rich",2.26944103968109,6.8107411374328,15.1353536626344,NA,0.000977517106549364,"0.5"
"var","50%",0.9,"abun",3.24159516663612,18.5051753994074,176.861405925434,NA,0.000977517106549364,"0.5"
"var","50%",1,"rich",2.16985266602517,6.18012041407014,17.9990100730083,NA,0.000977517106549364,"0.5"
"var","50%",1,"abun",3.15450259271139,16.6748142335655,199.762722518787,NA,0.000977517106549364,"0.5"
"var","97.5%",0.1,"rich",5.15885951246334,4.16578692513594,0.645280043377322,NA,0.000977517106549364,"0.5"
"var","97.5%",0.1,"abun",7.24106755559628,8.65475470430107,2.82883474996945,NA,0.000977517106549364,"0.5"
"var","97.5%",0.2,"rich",4.65914551258553,6.98484187419813,5.13307310758798,NA,0.000977517106549364,"0.5"
"var","97.5%",0.2,"abun",6.83053846014327,15.6451124144672,22.1235426021811,NA,0.000977517106549364,"0.5"
"var","97.5%",0.3,"rich",3.52892374316502,12.2393006504689,10.9466306207234,NA,0.000977517106549364,"0.5"
"var","97.5%",0.3,"abun",5.21707363930383,26.9202860812637,61.7999671615347,NA,0.000977517106549364,"0.5"
"var","97.5%",0.4,"rich",2.94005550559781,16.1295653103617,12.4676099133981,NA,0.000977517106549364,"0.5"
"var","97.5%",0.4,"abun",4.39218609195534,37.679142228739,101.728039586579,NA,0.000977517106549364,"0.5"
"var","97.5%",0.5,"rich",2.84704122086541,15.8882635659137,13.1467752674807,NA,0.000977517106549364,"0.5"
"var","97.5%",0.5,"abun",4.11871708993921,36.6517315608199,136.277867566479,NA,0.000977517106549364,"0.5"
"var","97.5%",0.6,"rich",2.73823924731183,13.3531275535725,14.0989442290216,NA,0.000977517106549364,"0.5"
"var","97.5%",0.6,"abun",4.16512936827957,32.0228391526149,171.744122749992,NA,0.000977517106549364,"0.5"
"var","97.5%",0.7,"rich",2.85902714137341,11.5146204436629,15.5862024271826,NA,0.000977517106549364,"0.5"
"var","97.5%",0.7,"abun",4.08535635939791,28.7508011296814,211.453742463381,NA,0.000977517106549364,"0.5"
"var","97.5%",0.8,"rich",2.80618071942968,10.3412231325987,17.7572581838419,NA,0.000977517106549364,"0.5"
"var","97.5%",0.8,"abun",4.05470499316502,26.5106203797043,242.417871499458,NA,0.000977517106549364,"0.5"
"var","97.5%",0.9,"rich",2.86773556348515,8.9217200912222,20.3086968475073,NA,0.000977517106549364,"0.5"
"var","97.5%",0.9,"abun",4.04092551014174,23.8186239919355,285.146525804924,NA,0.000977517106549364,"0.5"
"var","97.5%",1,"rich",2.85604571419844,7.93259057784244,23.6353124236315,NA,0.000977517106549364,"0.5"
"var","97.5%",1,"abun",4.07178996842161,21.9248888837977,324.61753070492,NA,0.000977517106549364,"0.5"
"mean","2.5%",0.1,"rich",3.183984375,2.496875,0.14033203125,NA,0.000977517106549364,"0.6"
"mean","2.5%",0.1,"abun",3.6142822265625,3.362744140625,0.2082275390625,NA,0.000977517106549364,"0.6"
"mean","2.5%",0.2,"rich",2.3203857421875,4.78310546875,2.8701416015625,NA,0.000977517106549364,"0.6"
"mean","2.5%",0.2,"abun",2.6370361328125,6.695068359375,5.399853515625,NA,0.000977517106549364,"0.6"
"mean","2.5%",0.3,"rich",1.8947998046875,4.7977294921875,6.3697265625,NA,0.000977517106549364,"0.6"
"mean","2.5%",0.3,"abun",2.12763671875,6.9319580078125,14.032958984375,NA,0.000977517106549364,"0.6"
"mean","2.5%",0.4,"rich",1.8388671875,4.1888427734375,9.31142578125,NA,0.000977517106549364,"0.6"
"mean","2.5%",0.4,"abun",2.0463623046875,6.30400390625,24.1200439453125,NA,0.000977517106549364,"0.6"
"mean","2.5%",0.5,"rich",1.8416015625,3.549658203125,11.8027587890625,NA,0.000977517106549364,"0.6"
"mean","2.5%",0.5,"abun",2.041015625,5.3861083984375,33.8931884765625,NA,0.000977517106549364,"0.6"
"mean","2.5%",0.6,"rich",1.71181640625,3.12802734375,13.8726806640625,NA,0.000977517106549364,"0.6"
"mean","2.5%",0.6,"abun",1.9477294921875,4.68857421875,43.8857421875,NA,0.000977517106549364,"0.6"
"mean","2.5%",0.7,"rich",1.530126953125,2.82265625,15.7539794921875,NA,0.000977517106549364,"0.6"
"mean","2.5%",0.7,"abun",1.7815185546875,4.1936767578125,53.7133544921875,NA,0.000977517106549364,"0.6"
"mean","2.5%",0.8,"rich",1.358251953125,2.71005859375,17.3473388671875,NA,0.000977517106549364,"0.6"
"mean","2.5%",0.8,"abun",1.5875244140625,3.98134765625,63.0770751953125,NA,0.000977517106549364,"0.6"
"mean","2.5%",0.9,"rich",1.174853515625,2.6045654296875,18.615869140625,NA,0.000977517106549364,"0.6"
"mean","2.5%",0.9,"abun",1.4059814453125,3.751171875,72.742041015625,NA,0.000977517106549364,"0.6"
"mean","2.5%",1,"rich",1.0470458984375,2.5893798828125,19.6494873046875,NA,0.000977517106549364,"0.6"
"mean","2.5%",1,"abun",1.236376953125,3.703271484375,82.1316650390625,NA,0.000977517106549364,"0.6"
"mean","50%",0.1,"rich",3.79638671875,3.35205078125,0.3896484375,NA,0.000977517106549364,"0.6"
"mean","50%",0.1,"abun",4.26953125,4.50732421875,0.6533203125,NA,0.000977517106549364,"0.6"
"mean","50%",0.2,"rich",3.11669921875,5.7548828125,3.681640625,NA,0.000977517106549364,"0.6"
"mean","50%",0.2,"abun",3.57421875,8.12451171875,7.234375,NA,0.000977517106549364,"0.6"
"mean","50%",0.3,"rich",2.62255859375,5.90625,7.5498046875,NA,0.000977517106549364,"0.6"
"mean","50%",0.3,"abun",2.9912109375,8.6220703125,16.6455078125,NA,0.000977517106549364,"0.6"
"mean","50%",0.4,"rich",2.32568359375,5.4453125,10.8125,NA,0.000977517106549364,"0.6"
"mean","50%",0.4,"abun",2.6875,8.04736328125,27.005859375,NA,0.000977517106549364,"0.6"
"mean","50%",0.5,"rich",2.109375,5.08984375,13.654296875,NA,0.000977517106549364,"0.6"
"mean","50%",0.5,"abun",2.4150390625,7.62353515625,37.05419921875,NA,0.000977517106549364,"0.6"
"mean","50%",0.6,"rich",1.9267578125,4.705078125,15.8818359375,NA,0.000977517106549364,"0.6"
"mean","50%",0.6,"abun",2.21337890625,7.01708984375,47.1845703125,NA,0.000977517106549364,"0.6"
"mean","50%",0.7,"rich",1.82861328125,4.38671875,17.65576171875,NA,0.000977517106549364,"0.6"
"mean","50%",0.7,"abun",2.09033203125,6.541015625,57.23828125,NA,0.000977517106549364,"0.6"
"mean","50%",0.8,"rich",1.72314453125,4.146484375,19.0732421875,NA,0.000977517106549364,"0.6"
"mean","50%",0.8,"abun",1.9921875,6.14794921875,67.21044921875,NA,0.000977517106549364,"0.6"
"mean","50%",0.9,"rich",1.6328125,3.994140625,20.27734375,NA,0.000977517106549364,"0.6"
"mean","50%",0.9,"abun",1.88720703125,5.93994140625,77.20654296875,NA,0.000977517106549364,"0.6"
"mean","50%",1,"rich",1.546875,3.82177734375,21.2822265625,NA,0.000977517106549364,"0.6"
"mean","50%",1,"abun",1.7890625,5.69677734375,87.00537109375,NA,0.000977517106549364,"0.6"
"mean","97.5%",0.1,"rich",4.4435302734375,4.035107421875,0.958642578124999,NA,0.000977517106549364,"0.6"
"mean","97.5%",0.1,"abun",5.0080078125,5.387060546875,1.8020751953125,NA,0.000977517106549364,"0.6"
"mean","97.5%",0.2,"rich",3.7875,6.6544921875,4.6294189453125,NA,0.000977517106549364,"0.6"
"mean","97.5%",0.2,"abun",4.352978515625,9.607080078125,9.0896240234375,NA,0.000977517106549364,"0.6"
"mean","97.5%",0.3,"rich",3.075439453125,7.197021484375,8.8540283203125,NA,0.000977517106549364,"0.6"
"mean","97.5%",0.3,"abun",3.5326904296875,10.43876953125,19.5322998046875,NA,0.000977517106549364,"0.6"
"mean","97.5%",0.4,"rich",2.712646484375,6.8938720703125,12.2211669921875,NA,0.000977517106549364,"0.6"
"mean","97.5%",0.4,"abun",3.130859375,10.1264892578125,30.43994140625,NA,0.000977517106549364,"0.6"
"mean","97.5%",0.5,"rich",2.4264892578125,6.3892578125,14.96728515625,NA,0.000977517106549364,"0.6"
"mean","97.5%",0.5,"abun",2.8001220703125,9.469189453125,41.2273193359375,NA,0.000977517106549364,"0.6"
"mean","97.5%",0.6,"rich",2.2526611328125,6.0140869140625,17.13466796875,NA,0.000977517106549364,"0.6"
"mean","97.5%",0.6,"abun",2.6163818359375,9.0298095703125,51.7938232421875,NA,0.000977517106549364,"0.6"
"mean","97.5%",0.7,"rich",2.0630126953125,5.64169921875,18.76416015625,NA,0.000977517106549364,"0.6"
"mean","97.5%",0.7,"abun",2.4329345703125,8.47333984375,61.7815673828125,NA,0.000977517106549364,"0.6"
"mean","97.5%",0.8,"rich",1.959619140625,5.3671630859375,20.449560546875,NA,0.000977517106549364,"0.6"
"mean","97.5%",0.8,"abun",2.261572265625,8.0671875,71.8442138671875,NA,0.000977517106549364,"0.6"
"mean","97.5%",0.9,"rich",1.8999267578125,5.060693359375,22.078125,NA,0.000977517106549364,"0.6"
"mean","97.5%",0.9,"abun",2.2046875,7.5092041015625,81.6111083984375,NA,0.000977517106549364,"0.6"
"mean","97.5%",1,"rich",1.80498046875,4.808740234375,23.416259765625,NA,0.000977517106549364,"0.6"
"mean","97.5%",1,"abun",2.0861083984375,7.125244140625,91.3579345703125,NA,0.000977517106549364,"0.6"
"var","2.5%",0.1,"rich",3.41905969822978,1.92422426285282,0.141779692082111,NA,0.000977517106549364,"0.6"
"var","2.5%",0.1,"abun",4.68196650381079,4.41378509133675,0.389557057788062,NA,0.000977517106549364,"0.6"
"var","2.5%",0.2,"rich",3.48250580878085,3.76770699688416,1.92060002749267,NA,0.000977517106549364,"0.6"
"var","2.5%",0.2,"abun",4.82523244669477,9.45950177174976,13.091731579912,NA,0.000977517106549364,"0.6"
"var","2.5%",0.3,"rich",2.6968228784824,5.38216763941074,3.59762656173631,NA,0.000977517106549364,"0.6"
"var","2.5%",0.3,"abun",3.81821830801717,12.867748808651,33.0722592291361,NA,0.000977517106549364,"0.6"
"var","2.5%",0.4,"rich",2.26713308742669,6.45751268194801,4.65887757839229,NA,0.000977517106549364,"0.6"
"var","2.5%",0.4,"abun",3.19407630838374,15.3229245183055,48.4534144605709,NA,0.000977517106549364,"0.6"
"var","2.5%",0.5,"rich",2.08906841856061,7.59797449195839,4.59107206611223,NA,0.000977517106549364,"0.6"
"var","2.5%",0.5,"abun",2.98825662115103,17.8795668377322,58.4743777874511,NA,0.000977517106549364,"0.6"
"var","2.5%",0.6,"rich",1.93184386073436,7.9281885052007,4.66155195637066,NA,0.000977517106549364,"0.6"
"var","2.5%",0.6,"abun",2.8881846438172,18.9087378717238,72.3959300349768,NA,0.000977517106549364,"0.6"
"var","2.5%",0.7,"rich",1.79120275174884,7.94351628845155,5.21262581714321,NA,0.000977517106549364,"0.6"
"var","2.5%",0.7,"abun",2.61666819403715,19.1960517473118,75.8084230424838,NA,0.000977517106549364,"0.6"
"var","2.5%",0.8,"rich",1.82184991771292,7.20255796370968,6.3310172430581,NA,0.000977517106549364,"0.6"
"var","2.5%",0.8,"abun",2.68148464228983,18.4897299608993,80.5712156532564,NA,0.000977517106549364,"0.6"
"var","2.5%",0.9,"rich",1.74339459998167,6.08646635202835,8.5631575329912,NA,0.000977517106549364,"0.6"
"var","2.5%",0.9,"abun",2.53520543610246,16.5985020314027,82.5113513458043,NA,0.000977517106549364,"0.6"
"var","2.5%",1,"rich",1.69408497143817,5.3184038596652,10.8838813013578,NA,0.000977517106549364,"0.6"
"var","2.5%",1,"abun",2.48512923463465,14.9890165595598,86.9611779892549,NA,0.000977517106549364,"0.6"
"var","50%",0.1,"rich",4.23691711724096,3.11590259958456,0.344900778195259,NA,0.000977517106549364,"0.6"
"var","50%",0.1,"abun",5.85014777309384,6.82615421477884,1.22941629627933,NA,0.000977517106549364,"0.6"
"var","50%",0.2,"rich",4.25016419232649,4.9626701108871,3.81629074260753,NA,0.000977517106549364,"0.6"
"var","50%",0.2,"abun",6.07308610932918,12.2072197847935,18.2608958791544,NA,0.000977517106549364,"0.6"
"var","50%",0.3,"rich",3.21949363850196,7.89655119745846,6.97203527843964,NA,0.000977517106549364,"0.6"
"var","50%",0.3,"abun",4.7584535182979,18.1783567784702,46.3122513249939,NA,0.000977517106549364,"0.6"
"var","50%",0.4,"rich",2.68927127245235,10.7122844498412,7.80648741064883,NA,0.000977517106549364,"0.6"
"var","50%",0.4,"abun",3.92313460334189,23.9537641090848,74.1693314508492,NA,0.000977517106549364,"0.6"
"var","50%",0.5,"rich",2.43500036275049,11.4743516312317,7.94621269397605,NA,0.000977517106549364,"0.6"
"var","50%",0.5,"abun",3.62979880712366,26.6349312492363,96.280482019031,NA,0.000977517106549364,"0.6"
"var","50%",0.6,"rich",2.34770350302419,10.9894449153837,8.25193546477884,NA,0.000977517106549364,"0.6"
"var","50%",0.6,"abun",3.37307121746701,26.4123131834983,114.510988953293,NA,0.000977517106549364,"0.6"
"var","50%",0.7,"rich",2.31783004566838,9.87586200971408,9.38212041025171,NA,0.000977517106549364,"0.6"
"var","50%",0.7,"abun",3.29843053137219,24.7109126802297,136.393996193029,NA,0.000977517106549364,"0.6"
"var","50%",0.8,"rich",2.2704681963282,8.86542147788368,11.5692963213282,NA,0.000977517106549364,"0.6"
"var","50%",0.8,"abun",3.22352446465665,22.3623738964748,155.813196385478,NA,0.000977517106549364,"0.6"
"var","50%",0.9,"rich",2.24309962655792,7.9936184552175,13.8583702766068,NA,0.000977517106549364,"0.6"
"var","50%",0.9,"abun",3.20069552633187,20.2756474141618,175.329054309476,NA,0.000977517106549364,"0.6"
"var","50%",1,"rich",2.20933710211999,7.30650077514052,16.8234927717192,NA,0.000977517106549364,"0.6"
"var","50%",1,"abun",3.15234900033602,18.5464888616508,195.9098063867,NA,0.000977517106549364,"0.6"
"var","97.5%",0.1,"rich",5.31735376859573,4.44204748308437,0.701568585616752,NA,0.000977517106549364,"0.6"
"var","97.5%",0.1,"abun",7.23827387566441,9.22882747109451,3.2910593221148,NA,0.000977517106549364,"0.6"
"var","97.5%",0.2,"rich",5.06083020222385,6.25716317662512,5.34987093719452,NA,0.000977517106549364,"0.6"
"var","97.5%",0.2,"abun",7.54699277458303,15.2153054931879,23.8186697414544,NA,0.000977517106549364,"0.6"
"var","97.5%",0.3,"rich",3.79471971319801,12.6553098080095,11.1056228473622,NA,0.000977517106549364,"0.6"
"var","97.5%",0.3,"abun",5.50981882044996,27.3520617592253,62.4634596420989,NA,0.000977517106549364,"0.6"
"var","97.5%",0.4,"rich",3.18952593761455,16.2986960074536,13.1060945900538,NA,0.000977517106549364,"0.6"
"var","97.5%",0.4,"abun",4.75861878455676,36.603565765709,102.577288191899,NA,0.000977517106549364,"0.6"
"var","97.5%",0.5,"rich",2.84659825956134,16.389520902065,12.8179588220919,NA,0.000977517106549364,"0.6"
"var","97.5%",0.5,"abun",4.20971178519062,38.4183016451689,144.274679443121,NA,0.000977517106549364,"0.6"
"var","97.5%",0.6,"rich",2.75356249618157,14.8437056107955,13.4694927793561,NA,0.000977517106549364,"0.6"
"var","97.5%",0.6,"abun",3.90757525640732,36.0271138807429,182.124446328201,NA,0.000977517106549364,"0.6"
"var","97.5%",0.7,"rich",2.73044443139815,13.0255250336021,15.2242859543011,NA,0.000977517106549364,"0.6"
"var","97.5%",0.7,"abun",3.88818299712091,31.5155026910358,218.518575593383,NA,0.000977517106549364,"0.6"
"var","97.5%",0.8,"rich",2.73342669385386,11.3040854057842,17.8399861057017,NA,0.000977517106549364,"0.6"
"var","97.5%",0.8,"abun",3.9133973301564,28.3196675678152,257.228732511608,NA,0.000977517106549364,"0.6"
"var","97.5%",0.9,"rich",2.71456233198925,10.0879304559583,21.5275203760768,NA,0.000977517106549364,"0.6"
"var","97.5%",0.9,"abun",3.92725630804008,25.7345968266969,300.265503669508,NA,0.000977517106549364,"0.6"
"var","97.5%",1,"rich",2.68570839442815,9.3994294555306,25.2026335685484,NA,0.000977517106549364,"0.6"
"var","97.5%",1,"abun",3.87329748308437,23.8064903937943,345.576851626459,NA,0.000977517106549364,"0.6"
"mean","2.5%",0.1,"rich",2.822265625,2.6184326171875,0.119091796875,NA,0.000977517106549364,"0.7"
"mean","2.5%",0.1,"abun",3.2215576171875,3.430859375,0.1592529296875,NA,0.000977517106549364,"0.7"
"mean","2.5%",0.2,"rich",1.8484619140625,4.7063232421875,3.11669921875,NA,0.000977517106549364,"0.7"
"mean","2.5%",0.2,"abun",2.101611328125,6.7113525390625,6.608203125,NA,0.000977517106549364,"0.7"
"mean","2.5%",0.3,"rich",1.5652099609375,4.564013671875,6.612646484375,NA,0.000977517106549364,"0.7"
"mean","2.5%",0.3,"abun",1.7608642578125,6.57158203125,16.1268798828125,NA,0.000977517106549364,"0.7"
"mean","2.5%",0.4,"rich",1.4765380859375,3.5501953125,9.67529296875,NA,0.000977517106549364,"0.7"
"mean","2.5%",0.4,"abun",1.6575439453125,5.360205078125,26.5833740234375,NA,0.000977517106549364,"0.7"
"mean","2.5%",0.5,"rich",1.4866455078125,2.710009765625,12.3626708984375,NA,0.000977517106549364,"0.7"
"mean","2.5%",0.5,"abun",1.6742919921875,4.1013916015625,36.528564453125,NA,0.000977517106549364,"0.7"
"mean","2.5%",0.6,"rich",1.447705078125,2.33359375,14.311767578125,NA,0.000977517106549364,"0.7"
"mean","2.5%",0.6,"abun",1.648046875,3.51982421875,46.52646484375,NA,0.000977517106549364,"0.7"
"mean","2.5%",0.7,"rich",1.3939697265625,2.0327392578125,15.6606201171875,NA,0.000977517106549364,"0.7"
"mean","2.5%",0.7,"abun",1.582958984375,3.0599609375,55.9192138671875,NA,0.000977517106549364,"0.7"
"mean","2.5%",0.8,"rich",1.3295166015625,1.94599609375,16.7059326171875,NA,0.000977517106549364,"0.7"
"mean","2.5%",0.8,"abun",1.5052490234375,2.873974609375,64.865185546875,NA,0.000977517106549364,"0.7"
"mean","2.5%",0.9,"rich",1.2846435546875,1.8004638671875,17.5797119140625,NA,0.000977517106549364,"0.7"
"mean","2.5%",0.9,"abun",1.450830078125,2.76396484375,73.470068359375,NA,0.000977517106549364,"0.7"
"mean","2.5%",1,"rich",1.2501220703125,1.7069091796875,18.13662109375,NA,0.000977517106549364,"0.7"
"mean","2.5%",1,"abun",1.4141845703125,2.602783203125,82.2630859375,NA,0.000977517106549364,"0.7"
"mean","50%",0.1,"rich",3.45263671875,3.42431640625,0.52734375,NA,0.000977517106549364,"0.7"
"mean","50%",0.1,"abun",3.91064453125,4.6416015625,0.8896484375,NA,0.000977517106549364,"0.7"
"mean","50%",0.2,"rich",2.546875,5.609375,3.95703125,NA,0.000977517106549364,"0.7"
"mean","50%",0.2,"abun",2.94189453125,7.98046875,7.814453125,NA,0.000977517106549364,"0.7"
"mean","50%",0.3,"rich",2.04736328125,5.5146484375,7.85888671875,NA,0.000977517106549364,"0.7"
"mean","50%",0.3,"abun",2.32763671875,8.03857421875,17.64404296875,NA,0.000977517106549364,"0.7"
"mean","50%",0.4,"rich",1.876953125,4.8271484375,11.10986328125,NA,0.000977517106549364,"0.7"
"mean","50%",0.4,"abun",2.12646484375,7.23583984375,28.14599609375,NA,0.000977517106549364,"0.7"
"mean","50%",0.5,"rich",1.75634765625,4.14208984375,13.76953125,NA,0.000977517106549364,"0.7"
"mean","50%",0.5,"abun",1.98681640625,6.25732421875,38.5166015625,NA,0.000977517106549364,"0.7"
"mean","50%",0.6,"rich",1.69873046875,3.5546875,15.7919921875,NA,0.000977517106549364,"0.7"
"mean","50%",0.6,"abun",1.94287109375,5.3994140625,48.6552734375,NA,0.000977517106549364,"0.7"
"mean","50%",0.7,"rich",1.654296875,3.24072265625,17.39404296875,NA,0.000977517106549364,"0.7"
"mean","50%",0.7,"abun",1.87548828125,4.86279296875,58.67578125,NA,0.000977517106549364,"0.7"
"mean","50%",0.8,"rich",1.63427734375,3.02978515625,18.66015625,NA,0.000977517106549364,"0.7"
"mean","50%",0.8,"abun",1.87060546875,4.529296875,68.66015625,NA,0.000977517106549364,"0.7"
"mean","50%",0.9,"rich",1.58251953125,2.86865234375,19.68701171875,NA,0.000977517106549364,"0.7"
"mean","50%",0.9,"abun",1.810546875,4.28564453125,78.4609375,NA,0.000977517106549364,"0.7"
"mean","50%",1,"rich",1.56396484375,2.779296875,20.52490234375,NA,0.000977517106549364,"0.7"
"mean","50%",1,"abun",1.7744140625,4.18017578125,88.26123046875,NA,0.000977517106549364,"0.7"
"mean","97.5%",0.1,"rich",3.966064453125,4.1220947265625,0.9918212890625,NA,0.000977517106549364,"0.7"
"mean","97.5%",0.1,"abun",4.5029296875,5.4641357421875,1.813427734375,NA,0.000977517106549364,"0.7"
"mean","97.5%",0.2,"rich",3.21376953125,6.44384765625,4.6061279296875,NA,0.000977517106549364,"0.7"
"mean","97.5%",0.2,"abun",3.688671875,9.1255126953125,9.2400146484375,NA,0.000977517106549364,"0.7"
"mean","97.5%",0.3,"rich",2.62431640625,6.3406982421875,8.9813720703125,NA,0.000977517106549364,"0.7"
"mean","97.5%",0.3,"abun",3.022314453125,9.2681396484375,19.5632080078125,NA,0.000977517106549364,"0.7"
"mean","97.5%",0.4,"rich",2.2843505859375,6.0788330078125,12.44072265625,NA,0.000977517106549364,"0.7"
"mean","97.5%",0.4,"abun",2.6244384765625,8.9169921875,30.54208984375,NA,0.000977517106549364,"0.7"
"mean","97.5%",0.5,"rich",2.1152587890625,5.518359375,15.034765625,NA,0.000977517106549364,"0.7"
"mean","97.5%",0.5,"abun",2.4372802734375,8.3157958984375,41.255810546875,NA,0.000977517106549364,"0.7"
"mean","97.5%",0.6,"rich",1.95322265625,4.975634765625,17.025,NA,0.000977517106549364,"0.7"
"mean","97.5%",0.6,"abun",2.2613037109375,7.537744140625,51.6390380859375,NA,0.000977517106549364,"0.7"
"mean","97.5%",0.7,"rich",1.9189453125,4.537451171875,18.61640625,NA,0.000977517106549364,"0.7"
"mean","97.5%",0.7,"abun",2.20224609375,6.862890625,61.5934814453125,NA,0.000977517106549364,"0.7"
"mean","97.5%",0.8,"rich",1.8937744140625,4.1986083984375,20.026025390625,NA,0.000977517106549364,"0.7"
"mean","97.5%",0.8,"abun",2.169189453125,6.2857421875,71.7163330078125,NA,0.000977517106549364,"0.7"
"mean","97.5%",0.9,"rich",1.87158203125,3.9244384765625,21.16767578125,NA,0.000977517106549364,"0.7"
"mean","97.5%",0.9,"abun",2.152392578125,5.9449462890625,81.6745361328125,NA,0.000977517106549364,"0.7"
"mean","97.5%",1,"rich",1.8679443359375,3.7491943359375,22.22265625,NA,0.000977517106549364,"0.7"
"mean","97.5%",1,"abun",2.151025390625,5.6380126953125,91.58203125,NA,0.000977517106549364,"0.7"
"var","2.5%",0.1,"rich",3.0053420737109,2.0979006531418,0.119331164467253,NA,0.000977517106549364,"0.7"
"var","2.5%",0.1,"abun",4.22972847648613,4.79364191467345,0.258884618615591,NA,0.000977517106549364,"0.7"
"var","2.5%",0.2,"rich",3.17416118722507,3.63971946022727,1.88670271260997,NA,0.000977517106549364,"0.7"
"var","2.5%",0.2,"abun",4.38433700665933,9.2178651035939,13.6059789156051,NA,0.000977517106549364,"0.7"
"var","2.5%",0.3,"rich",2.64403463980786,3.56529012402248,3.74083921370968,NA,0.000977517106549364,"0.7"
"var","2.5%",0.3,"abun",3.64190589106794,10.1205018939394,33.7522681212961,NA,0.000977517106549364,"0.7"
"var","2.5%",0.4,"rich",2.16176278122709,5.45114323680352,4.38299272971652,NA,0.000977517106549364,"0.7"
"var","2.5%",0.4,"abun",3.14747165295852,13.1506657426075,52.7010613076964,NA,0.000977517106549364,"0.7"
"var","2.5%",0.5,"rich",1.93626359359726,7.02947347721163,4.85451185239492,NA,0.000977517106549364,"0.7"
"var","2.5%",0.5,"abun",2.80500347476784,16.2798816669721,64.7311261636654,NA,0.000977517106549364,"0.7"
"var","2.5%",0.6,"rich",1.82600126294446,7.27651791987414,4.31741166548295,NA,0.000977517106549364,"0.7"
"var","2.5%",0.6,"abun",2.6366547197657,17.2474456876604,73.8094257612033,NA,0.000977517106549364,"0.7"
"var","2.5%",0.7,"rich",1.73852918518603,7.14281365030089,5.25483145466764,NA,0.000977517106549364,"0.7"
"var","2.5%",0.7,"abun",2.47841376848118,17.3202435774071,82.2400790843796,NA,0.000977517106549364,"0.7"
"var","2.5%",0.8,"rich",1.68036297959433,6.79248898861345,6.40783242741172,NA,0.000977517106549364,"0.7"
"var","2.5%",0.8,"abun",2.43927575910313,16.1904325513196,85.0809526400599,NA,0.000977517106549364,"0.7"
"var","2.5%",0.9,"rich",1.63738671206775,6.10174523555871,6.61899998759012,NA,0.000977517106549364,"0.7"
"var","2.5%",0.9,"abun",2.29727288000978,15.7821609094346,90.1158197397361,NA,0.000977517106549364,"0.7"
"var","2.5%",1,"rich",1.63821442754154,5.26027758049242,6.44986327647697,NA,0.000977517106549364,"0.7"
"var","2.5%",1,"abun",2.23104819617546,14.4314369358275,93.8090238957111,NA,0.000977517106549364,"0.7"
"var","50%",0.1,"rich",3.94699165292033,3.22279371334311,0.391760981793744,NA,0.000977517106549364,"0.7"
"var","50%",0.1,"abun",5.44839731106427,7.11629160175342,1.62298196175464,NA,0.000977517106549364,"0.7"
"var","50%",0.2,"rich",4.19822882300831,4.49004679481305,3.86987853586266,NA,0.000977517106549364,"0.7"
"var","50%",0.2,"abun",5.95850038947947,11.2718098958333,19.9984029432429,NA,0.000977517106549364,"0.7"
"var","50%",0.3,"rich",3.21983013731061,6.91361526683162,7.24730753222752,NA,0.000977517106549364,"0.7"
"var","50%",0.3,"abun",4.64975056130865,16.299611856977,49.7206568265824,NA,0.000977517106549364,"0.7"
"var","50%",0.4,"rich",2.57565591016007,9.82683723576491,8.06442019107405,NA,0.000977517106549364,"0.7"
"var","50%",0.4,"abun",3.75281704392718,22.4124773758248,81.3031439012097,NA,0.000977517106549364,"0.7"
"var","50%",0.5,"rich",2.28755708547165,11.1985576849646,7.96238802465176,NA,0.000977517106549364,"0.7"
"var","50%",0.5,"abun",3.26789696358749,25.7522409388746,107.514872292736,NA,0.000977517106549364,"0.7"
"var","50%",0.6,"rich",2.15117722079668,11.0679655997984,7.75540975531525,NA,0.000977517106549364,"0.7"
"var","50%",0.6,"abun",3.06325366187072,26.5618919156281,128.428144378513,NA,0.000977517106549364,"0.7"
"var","50%",0.7,"rich",2.12346499266862,10.3666605571848,8.29275444082967,NA,0.000977517106549364,"0.7"
"var","50%",0.7,"abun",3.02966726234115,25.128722010936,151.973837575605,NA,0.000977517106549364,"0.7"
"var","50%",0.8,"rich",2.1112130949108,9.31767587671066,9.14428639342009,NA,0.000977517106549364,"0.7"
"var","50%",0.8,"abun",2.99150543362048,22.7674941196237,169.943093517076,NA,0.000977517106549364,"0.7"
"var","50%",0.9,"rich",2.09073105678763,8.32660478907014,10.6998387669538,NA,0.000977517106549364,"0.7"
"var","50%",0.9,"abun",3.00987397284335,20.7139110994013,195.596118856152,NA,0.000977517106549364,"0.7"
"var","50%",1,"rich",2.11462867714443,7.60605965145406,12.910185842803,NA,0.000977517106549364,"0.7"
"var","50%",1,"abun",3.02169772956378,18.9168972041483,215.389844131843,NA,0.000977517106549364,"0.7"
"var","97.5%",0.1,"rich",4.92394344147116,5.51092489919355,0.801831961563721,NA,0.000977517106549364,"0.7"
"var","97.5%",0.1,"abun",6.78151853082234,11.092364006751,3.13258282166422,NA,0.000977517106549364,"0.7"
"var","97.5%",0.2,"rich",5.23930819186064,5.65156834696511,7.00959150476539,NA,0.000977517106549364,"0.7"
"var","97.5%",0.2,"abun",7.47514984936309,14.3008324407762,29.9488130660817,NA,0.000977517106549364,"0.7"
"var","97.5%",0.3,"rich",4.10275337167033,11.2820834908434,13.9268025119517,NA,0.000977517106549364,"0.7"
"var","97.5%",0.3,"abun",6.02341086647727,25.1799211876833,81.9339343536168,NA,0.000977517106549364,"0.7"
"var","97.5%",0.4,"rich",3.15938409262738,14.8702594238758,16.2767736589687,NA,0.000977517106549364,"0.7"
"var","97.5%",0.4,"abun",4.52354546600073,32.4600837953629,139.547265434079,NA,0.000977517106549364,"0.7"
"var","97.5%",0.5,"rich",2.68634108378391,17.1180718475073,15.98026105148,NA,0.000977517106549364,"0.7"
"var","97.5%",0.5,"abun",3.94508683101173,39.2033600241325,200.658701930787,NA,0.000977517106549364,"0.7"
"var","97.5%",0.6,"rich",2.66207768206256,15.8098361942892,14.0653788308361,NA,0.000977517106549364,"0.7"
"var","97.5%",0.6,"abun",3.92527549945014,37.8946753239935,263.660032914834,NA,0.000977517106549364,"0.7"
"var","97.5%",0.7,"rich",2.5594233030914,14.1255597574154,12.9462191614354,NA,0.000977517106549364,"0.7"
"var","97.5%",0.7,"abun",3.70004801670943,34.4359648017473,333.804004025575,NA,0.000977517106549364,"0.7"
"var","97.5%",0.8,"rich",2.52651751416636,12.4342535979121,13.4700856616187,NA,0.000977517106549364,"0.7"
"var","97.5%",0.8,"abun",3.64487526633523,31.6599937759653,392.258770566998,NA,0.000977517106549364,"0.7"
"var","97.5%",0.9,"rich",2.51823183956501,10.8395952897804,16.0509314334754,NA,0.000977517106549364,"0.7"
"var","97.5%",0.9,"abun",3.50487009236773,28.0673902822962,467.639089992668,NA,0.000977517106549364,"0.7"
"var","97.5%",1,"rich",2.51618771669569,9.78713397998381,19.8696208159595,NA,0.000977517106549364,"0.7"
"var","97.5%",1,"abun",3.57200375255835,25.6800804160557,538.609757343787,NA,0.000977517106549364,"0.7"
"mean","2.5%",0.1,"rich",2.3326171875,2.757568359375,0.1513671875,NA,0.000977517106549364,"0.8"
"mean","2.5%",0.1,"abun",2.678076171875,3.70009765625,0.2112548828125,NA,0.000977517106549364,"0.8"
"mean","2.5%",0.2,"rich",1.07958984375,4.151953125,3.6962646484375,NA,0.000977517106549364,"0.8"
"mean","2.5%",0.2,"abun",1.24345703125,5.777587890625,7.94296875,NA,0.000977517106549364,"0.8"
"mean","2.5%",0.3,"rich",0.7341552734375,3.6613525390625,7.0937255859375,NA,0.000977517106549364,"0.8"
"mean","2.5%",0.3,"abun",0.8173828125,5.383203125,18.614453125,NA,0.000977517106549364,"0.8"
"mean","2.5%",0.4,"rich",0.696044921875,2.5727783203125,9.5218505859375,NA,0.000977517106549364,"0.8"
"mean","2.5%",0.4,"abun",0.76728515625,3.910302734375,29.1153564453125,NA,0.000977517106549364,"0.8"
"mean","2.5%",0.5,"rich",0.6877685546875,1.5822509765625,12.0389892578125,NA,0.000977517106549364,"0.8"
"mean","2.5%",0.5,"abun",0.7487060546875,2.531787109375,39.4217529296875,NA,0.000977517106549364,"0.8"
"mean","2.5%",0.6,"rich",0.7841796875,1.033837890625,13.7475341796875,NA,0.000977517106549364,"0.8"
"mean","2.5%",0.6,"abun",0.855224609375,1.6639404296875,49.5509765625,NA,0.000977517106549364,"0.8"
"mean","2.5%",0.7,"rich",0.84619140625,0.7583740234375,15.0892822265625,NA,0.000977517106549364,"0.8"
"mean","2.5%",0.7,"abun",0.9196533203125,1.1860107421875,59.40654296875,NA,0.000977517106549364,"0.8"
"mean","2.5%",0.8,"rich",0.9364013671875,0.5833251953125,16.107177734375,NA,0.000977517106549364,"0.8"
"mean","2.5%",0.8,"abun",1.0339111328125,0.917626953125,68.9231201171875,NA,0.000977517106549364,"0.8"
"mean","2.5%",0.9,"rich",0.9968017578125,0.4954345703125,16.949169921875,NA,0.000977517106549364,"0.8"
"mean","2.5%",0.9,"abun",1.1030029296875,0.783837890625,78.3257080078125,NA,0.000977517106549364,"0.8"
"mean","2.5%",1,"rich",1.074462890625,0.40810546875,17.612451171875,NA,0.000977517106549364,"0.8"
"mean","2.5%",1,"abun",1.1932373046875,0.6682373046875,87.356005859375,NA,0.000977517106549364,"0.8"
"mean","50%",0.1,"rich",2.87109375,3.8056640625,0.61669921875,NA,0.000977517106549364,"0.8"
"mean","50%",0.1,"abun",3.2998046875,5.13330078125,1.00244140625,NA,0.000977517106549364,"0.8"
"mean","50%",0.2,"rich",1.77880859375,5.46826171875,4.58154296875,NA,0.000977517106549364,"0.8"
"mean","50%",0.2,"abun",2.0498046875,7.8134765625,9.025390625,NA,0.000977517106549364,"0.8"
"mean","50%",0.3,"rich",1.3466796875,4.6875,8.63037109375,NA,0.000977517106549364,"0.8"
"mean","50%",0.3,"abun",1.53662109375,6.95556640625,19.75439453125,NA,0.000977517106549364,"0.8"
"mean","50%",0.4,"rich",1.2548828125,3.77587890625,11.88037109375,NA,0.000977517106549364,"0.8"
"mean","50%",0.4,"abun",1.40869140625,5.76416015625,30.6025390625,NA,0.000977517106549364,"0.8"
"mean","50%",0.5,"rich",1.23291015625,2.9052734375,14.29052734375,NA,0.000977517106549364,"0.8"
"mean","50%",0.5,"abun",1.376953125,4.52685546875,41.36083984375,NA,0.000977517106549364,"0.8"
"mean","50%",0.6,"rich",1.2294921875,2.32373046875,16.1005859375,NA,0.000977517106549364,"0.8"
"mean","50%",0.6,"abun",1.38525390625,3.61669921875,51.69287109375,NA,0.000977517106549364,"0.8"
"mean","50%",0.7,"rich",1.2353515625,1.90771484375,17.2890625,NA,0.000977517106549364,"0.8"
"mean","50%",0.7,"abun",1.38623046875,2.93701171875,61.6171875,NA,0.000977517106549364,"0.8"
"mean","50%",0.8,"rich",1.267578125,1.6640625,18.21435546875,NA,0.000977517106549364,"0.8"
"mean","50%",0.8,"abun",1.42724609375,2.630859375,71.44189453125,NA,0.000977517106549364,"0.8"
"mean","50%",0.9,"rich",1.29052734375,1.548828125,18.97265625,NA,0.000977517106549364,"0.8"
"mean","50%",0.9,"abun",1.455078125,2.396484375,81.0400390625,NA,0.000977517106549364,"0.8"
"mean","50%",1,"rich",1.328125,1.4677734375,19.55224609375,NA,0.000977517106549364,"0.8"
"mean","50%",1,"abun",1.4814453125,2.2666015625,90.52099609375,NA,0.000977517106549364,"0.8"
"mean","97.5%",0.1,"rich",3.406787109375,4.5174072265625,1.1654541015625,NA,0.000977517106549364,"0.8"
"mean","97.5%",0.1,"abun",3.8745849609375,6.0058349609375,2.266943359375,NA,0.000977517106549364,"0.8"
"mean","97.5%",0.2,"rich",2.390966796875,6.3202392578125,5.2212158203125,NA,0.000977517106549364,"0.8"
"mean","97.5%",0.2,"abun",2.7153564453125,9.0794677734375,10.30498046875,NA,0.000977517106549364,"0.8"
"mean","97.5%",0.3,"rich",1.8661376953125,5.6559814453125,9.724755859375,NA,0.000977517106549364,"0.8"
"mean","97.5%",0.3,"abun",2.174609375,8.404248046875,20.8407470703125,NA,0.000977517106549364,"0.8"
"mean","97.5%",0.4,"rich",1.6688232421875,4.888525390625,13.2742431640625,NA,0.000977517106549364,"0.8"
"mean","97.5%",0.4,"abun",1.9086669921875,7.273388671875,32.32763671875,NA,0.000977517106549364,"0.8"
"mean","97.5%",0.5,"rich",1.6025390625,4.0692626953125,15.6257568359375,NA,0.000977517106549364,"0.8"
"mean","97.5%",0.5,"abun",1.80361328125,6.1861328125,42.8767578125,NA,0.000977517106549364,"0.8"
"mean","97.5%",0.6,"rich",1.587939453125,3.5770263671875,17.19345703125,NA,0.000977517106549364,"0.8"
"mean","97.5%",0.6,"abun",1.78544921875,5.5443603515625,53.3725830078125,NA,0.000977517106549364,"0.8"
"mean","97.5%",0.7,"rich",1.614208984375,3.1146240234375,18.5365478515625,NA,0.000977517106549364,"0.8"
"mean","97.5%",0.7,"abun",1.8103515625,4.7721923828125,63.5720703125,NA,0.000977517106549364,"0.8"
"mean","97.5%",0.8,"rich",1.622119140625,2.796728515625,19.517578125,NA,0.000977517106549364,"0.8"
"mean","97.5%",0.8,"abun",1.8180908203125,4.35634765625,73.4659912109375,NA,0.000977517106549364,"0.8"
"mean","97.5%",0.9,"rich",1.68671875,2.520556640625,20.4132080078125,NA,0.000977517106549364,"0.8"
"mean","97.5%",0.9,"abun",1.903564453125,3.873388671875,83.4097412109375,NA,0.000977517106549364,"0.8"
"mean","97.5%",1,"rich",1.72177734375,2.4138671875,21.138623046875,NA,0.000977517106549364,"0.8"
"mean","97.5%",1,"abun",1.9351318359375,3.620556640625,93.3133544921875,NA,0.000977517106549364,"0.8"
"var","2.5%",0.1,"rich",2.02705278592375,2.21933841947703,0.148961960838221,NA,0.000977517106549364,"0.8"
"var","2.5%",0.1,"abun",3.03806818181818,4.73167649434109,0.357778325085533,NA,0.000977517106549364,"0.8"
"var","2.5%",0.2,"rich",1.5913078061996,2.98117580320595,2.05046766174853,NA,0.000977517106549364,"0.8"
"var","2.5%",0.2,"abun",2.35929901331867,7.73192106453904,15.0027738241157,NA,0.000977517106549364,"0.8"
"var","2.5%",0.3,"rich",1.21772723454301,2.71364822462274,3.74820775006873,NA,0.000977517106549364,"0.8"
"var","2.5%",0.3,"abun",1.67894767992424,7.51627060040934,36.2118622034992,NA,0.000977517106549364,"0.8"
"var","2.5%",0.4,"rich",1.07803653183804,2.45989528443457,3.88424746456501,NA,0.000977517106549364,"0.8"
"var","2.5%",0.4,"abun",1.45690486009286,7.07455431806727,50.9533334860704,NA,0.000977517106549364,"0.8"
"var","2.5%",0.5,"rich",1.07552016510875,2.47779601871793,3.78565092711388,NA,0.000977517106549364,"0.8"
"var","2.5%",0.5,"abun",1.4790937347263,6.865355061133,62.3544192316945,NA,0.000977517106549364,"0.8"
"var","2.5%",0.6,"rich",1.15149911412512,2.01531897700544,4.1765622374832,NA,0.000977517106549364,"0.8"
"var","2.5%",0.6,"abun",1.59470338942601,5.74118287206745,65.1803076124145,NA,0.000977517106549364,"0.8"
"var","2.5%",0.7,"rich",1.23799219513685,1.59504470899774,3.94671231117882,NA,0.000977517106549364,"0.8"
"var","2.5%",0.7,"abun",1.64942036290323,4.47317204778379,76.4779838136914,NA,0.000977517106549364,"0.8"
"var","2.5%",0.8,"rich",1.32003365942693,1.35333634989003,3.04846702120754,NA,0.000977517106549364,"0.8"
"var","2.5%",0.8,"abun",1.87383511749297,3.95427510997067,81.2872074846881,NA,0.000977517106549364,"0.8"
"var","2.5%",0.9,"rich",1.37782754459922,1.29133343738545,2.26784293285679,NA,0.000977517106549364,"0.8"
"var","2.5%",0.9,"abun",1.93499480216734,3.30423558925953,83.5513795973851,NA,0.000977517106549364,"0.8"
"var","2.5%",1,"rich",1.44161244501466,1.15983015640274,1.74449363850196,NA,0.000977517106549364,"0.8"
"var","2.5%",1,"abun",1.93896436644673,2.93621700879765,84.628358496762,NA,0.000977517106549364,"0.8"
"var","50%",0.1,"rich",3.22023679970064,3.20250211922654,0.441440615835777,NA,0.000977517106549364,"0.8"
"var","50%",0.1,"abun",4.5132909869868,7.28780766969086,1.75104195304863,NA,0.000977517106549364,"0.8"
"var","50%",0.2,"rich",3.17872334738514,3.96352543835533,3.99441698359604,NA,0.000977517106549364,"0.8"
"var","50%",0.2,"abun",4.52434008049242,10.6413562286168,20.8155809926381,NA,0.000977517106549364,"0.8"
"var","50%",0.3,"rich",2.53178792079057,4.92684611360582,6.90661418239858,NA,0.000977517106549364,"0.8"
"var","50%",0.3,"abun",3.58381588694404,12.7978673135081,49.6066858733504,NA,0.000977517106549364,"0.8"
"var","50%",0.4,"rich",2.08963660037879,6.63650062240347,7.81026622067449,NA,0.000977517106549364,"0.8"
"var","50%",0.4,"abun",2.9109046615347,15.5090816494074,79.6270213793683,NA,0.000977517106549364,"0.8"
"var","50%",0.5,"rich",1.87240681130865,7.20673675387952,7.27108439485582,NA,0.000977517106549364,"0.8"
"var","50%",0.5,"abun",2.60871823069404,17.1575635386119,107.510469170027,NA,0.000977517106549364,"0.8"
"var","50%",0.6,"rich",1.8033677564455,7.40924889647483,6.22290587961266,NA,0.000977517106549364,"0.8"
"var","50%",0.6,"abun",2.59249326047776,17.7119913856305,130.182493088649,NA,0.000977517106549364,"0.8"
"var","50%",0.7,"rich",1.76270915429497,7.08107568884409,5.77547272116325,NA,0.000977517106549364,"0.8"
"var","50%",0.7,"abun",2.50515392076002,17.6570055710838,150.567587575605,NA,0.000977517106549364,"0.8"
"var","50%",0.8,"rich",1.73768462090665,6.14242252413245,6.07394668713343,NA,0.000977517106549364,"0.8"
"var","50%",0.8,"abun",2.42017914146505,15.886496326674,169.76950356641,NA,0.000977517106549364,"0.8"
"var","50%",0.9,"rich",1.74443989415323,5.53772891465054,6.60835452559873,NA,0.000977517106549364,"0.8"
"var","50%",0.9,"abun",2.4663424822825,14.4202827162757,189.679223083914,NA,0.000977517106549364,"0.8"
"var","50%",1,"rich",1.77013360673265,5.10072149163001,7.46985257056452,NA,0.000977517106549364,"0.8"
"var","50%",1,"abun",2.49730562301442,13.0390539085411,212.706137260967,NA,0.000977517106549364,"0.8"
"var","97.5%",0.1,"rich",4.33071847507331,5.26465051376924,0.886336907380254,NA,0.000977517106549364,"0.8"
"var","97.5%",0.1,"abun",6.07258157590268,10.7062942937439,3.58018463522574,NA,0.000977517106549364,"0.8"
"var","97.5%",0.2,"rich",4.55781281024713,5.12910473656677,6.78139366828568,NA,0.000977517106549364,"0.8"
"var","97.5%",0.2,"abun",6.33280849065249,13.2489100302419,27.8200421315601,NA,0.000977517106549364,"0.8"
"var","97.5%",0.3,"rich",3.48469479319404,9.18055373384806,12.8044679643588,NA,0.000977517106549364,"0.8"
"var","97.5%",0.3,"abun",5.05234680474096,20.7936314140014,74.5312532456622,NA,0.000977517106549364,"0.8"
"var","97.5%",0.4,"rich",2.66423203812317,12.4128995983016,14.3456011730205,NA,0.000977517106549364,"0.8"
"var","97.5%",0.4,"abun",3.90067120773002,27.996035017832,127.485234145894,NA,0.000977517106549364,"0.8"
"var","97.5%",0.5,"rich",2.40146558357007,12.8486301396017,15.1475330341596,NA,0.000977517106549364,"0.8"
"var","97.5%",0.5,"abun",3.44474076227242,30.2712583241691,185.094325436828,NA,0.000977517106549364,"0.8"
"var","97.5%",0.6,"rich",2.30195090553977,12.6494880445076,13.9046691715543,NA,0.000977517106549364,"0.8"
"var","97.5%",0.6,"abun",3.27623726554863,30.6212613789101,245.908920297035,NA,0.000977517106549364,"0.8"
"var","97.5%",0.7,"rich",2.20651175311583,11.4821926501023,11.7626916849951,NA,0.000977517106549364,"0.8"
"var","97.5%",0.7,"abun",3.08800212304497,28.014889952957,304.234015686095,NA,0.000977517106549364,"0.8"
"var","97.5%",0.8,"rich",2.26104059750733,10.2590542760646,9.6007316343246,NA,0.000977517106549364,"0.8"
"var","97.5%",0.8,"abun",3.17053208337152,24.7037740131277,366.948145008553,NA,0.000977517106549364,"0.8"
"var","97.5%",0.9,"rich",2.2693069174609,8.97439983886241,12.0210993821786,NA,0.000977517106549364,"0.8"
"var","97.5%",0.9,"abun",3.19793005502352,21.6826633188615,430.083101149155,NA,0.000977517106549364,"0.8"
"var","97.5%",1,"rich",2.27070510580859,8.14404571324383,15.1204108244746,NA,0.000977517106549364,"0.8"
"var","97.5%",1,"abun",3.19576441074047,19.8987686291468,498.831748137563,NA,0.000977517106549364,"0.8"
"mean","2.5%",0.1,"rich",2.0171142578125,2.4510009765625,0.1963623046875,NA,0.000977517106549364,"0.9"
"mean","2.5%",0.1,"abun",2.3431640625,3.353076171875,0.2903076171875,NA,0.000977517106549364,"0.9"
"mean","2.5%",0.2,"rich",0.6063720703125,3.996533203125,3.9056640625,NA,0.000977517106549364,"0.9"
"mean","2.5%",0.2,"abun",0.7167236328125,5.60859375,8.74287109375,NA,0.000977517106549364,"0.9"
"mean","2.5%",0.3,"rich",0.3295654296875,3.2599853515625,7.28017578125,NA,0.000977517106549364,"0.9"
"mean","2.5%",0.3,"abun",0.359912109375,4.9737548828125,19.9164794921875,NA,0.000977517106549364,"0.9"
"mean","2.5%",0.4,"rich",0.31044921875,1.896923828125,10.003173828125,NA,0.000977517106549364,"0.9"
"mean","2.5%",0.4,"abun",0.334716796875,3.03701171875,30.9724609375,NA,0.000977517106549364,"0.9"
"mean","2.5%",0.5,"rich",0.3291015625,0.9446044921875,12.235546875,NA,0.000977517106549364,"0.9"
"mean","2.5%",0.5,"abun",0.3477294921875,1.6136474609375,41.8021484375,NA,0.000977517106549364,"0.9"
"mean","2.5%",0.6,"rich",0.38837890625,0.4735595703125,13.8223388671875,NA,0.000977517106549364,"0.9"
"mean","2.5%",0.6,"abun",0.4095947265625,0.8162841796875,52.3661865234375,NA,0.000977517106549364,"0.9"
"mean","2.5%",0.7,"rich",0.4437255859375,0.292724609375,15.17626953125,NA,0.000977517106549364,"0.9"
"mean","2.5%",0.7,"abun",0.4629638671875,0.50263671875,63.00556640625,NA,0.000977517106549364,"0.9"
"mean","2.5%",0.8,"rich",0.5060791015625,0.1607421875,16.31806640625,NA,0.000977517106549364,"0.9"
"mean","2.5%",0.8,"abun",0.5325439453125,0.269482421875,73.2045166015625,NA,0.000977517106549364,"0.9"
"mean","2.5%",0.9,"rich",0.536962890625,0.1136962890625,17.135400390625,NA,0.000977517106549364,"0.9"
"mean","2.5%",0.9,"abun",0.57119140625,0.1906982421875,82.7645751953125,NA,0.000977517106549364,"0.9"
"mean","2.5%",1,"rich",0.5842529296875,0.087890625,17.69296875,NA,0.000977517106549364,"0.9"
"mean","2.5%",1,"abun",0.61796875,0.138623046875,92.4072265625,NA,0.000977517106549364,"0.9"
"mean","50%",0.1,"rich",2.40185546875,4.126953125,0.69970703125,NA,0.000977517106549364,"0.9"
"mean","50%",0.1,"abun",2.7744140625,5.560546875,1.181640625,NA,0.000977517106549364,"0.9"
"mean","50%",0.2,"rich",1.0068359375,5.30224609375,5.15380859375,NA,0.000977517106549364,"0.9"
"mean","50%",0.2,"abun",1.212890625,7.62353515625,10.27587890625,NA,0.000977517106549364,"0.9"
"mean","50%",0.3,"rich",0.5439453125,4.16748046875,9.3828125,NA,0.000977517106549364,"0.9"
"mean","50%",0.3,"abun",0.61767578125,6.29248046875,21.8017578125,NA,0.000977517106549364,"0.9"
"mean","50%",0.4,"rich",0.4814453125,2.853515625,12.57568359375,NA,0.000977517106549364,"0.9"
"mean","50%",0.4,"abun",0.52783203125,4.4326171875,33.20166015625,NA,0.000977517106549364,"0.9"
"mean","50%",0.5,"rich",0.5029296875,1.81005859375,14.86328125,NA,0.000977517106549364,"0.9"
"mean","50%",0.5,"abun",0.53857421875,3.0107421875,44.28076171875,NA,0.000977517106549364,"0.9"
"mean","50%",0.6,"rich",0.5546875,1.1376953125,16.42724609375,NA,0.000977517106549364,"0.9"
"mean","50%",0.6,"abun",0.59716796875,1.8720703125,54.853515625,NA,0.000977517106549364,"0.9"
"mean","50%",0.7,"rich",0.6279296875,0.74951171875,17.48681640625,NA,0.000977517106549364,"0.9"
"mean","50%",0.7,"abun",0.67626953125,1.2587890625,64.9345703125,NA,0.000977517106549364,"0.9"
"mean","50%",0.8,"rich",0.681640625,0.50927734375,18.18505859375,NA,0.000977517106549364,"0.9"
"mean","50%",0.8,"abun",0.73779296875,0.865234375,74.87890625,NA,0.000977517106549364,"0.9"
"mean","50%",0.9,"rich",0.73583984375,0.39794921875,18.63525390625,NA,0.000977517106549364,"0.9"
"mean","50%",0.9,"abun",0.80224609375,0.64306640625,84.56201171875,NA,0.000977517106549364,"0.9"
"mean","50%",1,"rich",0.7978515625,0.33056640625,18.92724609375,NA,0.000977517106549364,"0.9"
"mean","50%",1,"abun",0.873046875,0.52978515625,94.28466796875,NA,0.000977517106549364,"0.9"
"mean","97.5%",0.1,"rich",2.9044189453125,5.120556640625,1.5412109375,NA,0.000977517106549364,"0.9"
"mean","97.5%",0.1,"abun",3.380322265625,6.8257568359375,2.9696533203125,NA,0.000977517106549364,"0.9"
"mean","97.5%",0.2,"rich",1.6369140625,6.5731689453125,5.8034912109375,NA,0.000977517106549364,"0.9"
"mean","97.5%",0.2,"abun",1.9158935546875,9.6001220703125,11.701123046875,NA,0.000977517106549364,"0.9"
"mean","97.5%",0.3,"rich",1.049365234375,5.3147705078125,10.871044921875,NA,0.000977517106549364,"0.9"
"mean","97.5%",0.3,"abun",1.2227783203125,7.95322265625,23.3693115234375,NA,0.000977517106549364,"0.9"
"mean","97.5%",0.4,"rich",0.883154296875,4.1297607421875,14.216748046875,NA,0.000977517106549364,"0.9"
"mean","97.5%",0.4,"abun",0.9908447265625,6.4521728515625,35.056689453125,NA,0.000977517106549364,"0.9"
"mean","97.5%",0.5,"rich",0.8555419921875,3.0587646484375,16.4670654296875,NA,0.000977517106549364,"0.9"
"mean","97.5%",0.5,"abun",0.9449462890625,4.856201171875,46.3196533203125,NA,0.000977517106549364,"0.9"
"mean","97.5%",0.6,"rich",0.8874755859375,2.2860107421875,17.69033203125,NA,0.000977517106549364,"0.9"
"mean","97.5%",0.6,"abun",0.989599609375,3.6298828125,56.6381103515625,NA,0.000977517106549364,"0.9"
"mean","97.5%",0.7,"rich",0.9194580078125,1.7332763671875,18.438037109375,NA,0.000977517106549364,"0.9"
"mean","97.5%",0.7,"abun",1.029931640625,2.7517333984375,66.64853515625,NA,0.000977517106549364,"0.9"
"mean","97.5%",0.8,"rich",0.9781494140625,1.4336181640625,18.9275634765625,NA,0.000977517106549364,"0.9"
"mean","97.5%",0.8,"abun",1.089990234375,2.31025390625,76.5035400390625,NA,0.000977517106549364,"0.9"
"mean","97.5%",0.9,"rich",1.0357177734375,1.200244140625,19.2665771484375,NA,0.000977517106549364,"0.9"
"mean","97.5%",0.9,"abun",1.1512939453125,1.9292724609375,86.1510986328125,NA,0.000977517106549364,"0.9"
"mean","97.5%",1,"rich",1.0810546875,1.073095703125,19.6665771484375,NA,0.000977517106549364,"0.9"
"mean","97.5%",1,"abun",1.2142333984375,1.70322265625,95.858740234375,NA,0.000977517106549364,"0.9"
"var","2.5%",0.1,"rich",1.81001566032044,1.74862658369227,0.146959578140274,NA,0.000977517106549364,"0.9"
"var","2.5%",0.1,"abun",2.7575959952346,4.23223973607038,0.504098340702896,NA,0.000977517106549364,"0.9"
"var","2.5%",0.2,"rich",0.708982465786901,2.71129803102853,1.54907326796188,NA,0.000977517106549364,"0.9"
"var","2.5%",0.2,"abun",1.09906830400782,7.14578216642229,13.7238109420821,NA,0.000977517106549364,"0.9"
"var","2.5%",0.3,"rich",0.389050209440677,2.35169032181696,2.66468402045913,NA,0.000977517106549364,"0.9"
"var","2.5%",0.3,"abun",0.504299547898338,6.75667117240958,26.7352905870067,NA,0.000977517106549364,"0.9"
"var","2.5%",0.4,"rich",0.377845180955217,1.73698298509286,3.24602425464321,NA,0.000977517106549364,"0.9"
"var","2.5%",0.4,"abun",0.462829363124695,5.61093074615866,39.3865802127245,NA,0.000977517106549364,"0.9"
"var","2.5%",0.5,"rich",0.386573625939333,1.04840501951216,3.03117360761089,NA,0.000977517106549364,"0.9"
"var","2.5%",0.5,"abun",0.445156708211144,3.60220781402737,51.3553097125489,NA,0.000977517106549364,"0.9"
"var","2.5%",0.6,"rich",0.470668377321603,0.656920157662818,2.37127817998534,NA,0.000977517106549364,"0.9"
"var","2.5%",0.6,"abun",0.553241271077713,2.34723519691624,58.1297725793087,NA,0.000977517106549364,"0.9"
"var","2.5%",0.7,"rich",0.540308070625611,0.382501465321053,1.69772796481702,NA,0.000977517106549364,"0.9"
"var","2.5%",0.7,"abun",0.641738954247617,1.33866063450788,64.5021526377688,NA,0.000977517106549364,"0.9"
"var","2.5%",0.8,"rich",0.616950948497067,0.217995192601417,1.16930006815891,NA,0.000977517106549364,"0.9"
"var","2.5%",0.8,"abun",0.75754733416575,0.863675693426197,67.3744090269504,NA,0.000977517106549364,"0.9"
"var","2.5%",0.9,"rich",0.685539643855389,0.160375714045699,0.892915172707417,NA,0.000977517106549364,"0.9"
"var","2.5%",0.9,"abun",0.820116519275416,0.550503769741263,72.3614748241615,NA,0.000977517106549364,"0.9"
"var","2.5%",1,"rich",0.741703609940127,0.116791457607832,0.663076773277126,NA,0.000977517106549364,"0.9"
"var","2.5%",1,"abun",0.948879029394245,0.38467570106305,76.1594933712121,NA,0.000977517106549364,"0.9"
"var","50%",0.1,"rich",2.1083927098607,3.15515602089443,0.437156341642229,NA,0.000977517106549364,"0.9"
"var","50%",0.1,"abun",3.2926651851173,7.20945881445503,1.79336013868524,NA,0.000977517106549364,"0.9"
"var","50%",0.2,"rich",1.30589937301442,3.48396165536413,3.27677241798021,NA,0.000977517106549364,"0.9"
"var","50%",0.2,"abun",2.03390714733016,9.58025329530181,17.5391340954912,NA,0.000977517106549364,"0.9"
"var","50%",0.3,"rich",0.891722320228495,2.82778277355205,5.01888498136608,NA,0.000977517106549364,"0.9"
"var","50%",0.3,"abun",1.28628793606427,8.84997403470186,38.5723396070076,NA,0.000977517106549364,"0.9"
"var","50%",0.4,"rich",0.783895214748289,2.60212333134775,5.48290251939761,NA,0.000977517106549364,"0.9"
"var","50%",0.4,"abun",1.03641012570259,7.80905387035679,61.1004427465176,NA,0.000977517106549364,"0.9"
"var","50%",0.5,"rich",0.766429733321114,2.15829285801564,5.31339494364003,NA,0.000977517106549364,"0.9"
"var","50%",0.5,"abun",0.987283686155914,6.59727631659335,82.1421323237414,NA,0.000977517106549364,"0.9"
"var","50%",0.6,"rich",0.848543556787634,1.71600073313783,4.43965120585899,NA,0.000977517106549364,"0.9"
"var","50%",0.6,"abun",1.07862712304497,5.36920506094208,100.186487162451,NA,0.000977517106549364,"0.9"
"var","50%",0.7,"rich",0.923267770955523,1.37432747968597,3.57794935239492,NA,0.000977517106549364,"0.9"
"var","50%",0.7,"abun",1.19954618004643,4.21042869470919,118.266609676656,NA,0.000977517106549364,"0.9"
"var","50%",0.8,"rich",1.00269867271505,1.08336913107893,3.0042475218414,NA,0.000977517106549364,"0.9"
"var","50%",0.8,"abun",1.31571081912879,3.39222492057674,129.931193391832,NA,0.000977517106549364,"0.9"
"var","50%",0.9,"rich",1.04988678366325,0.860663241538367,2.55063996823069,NA,0.000977517106549364,"0.9"
"var","50%",0.9,"abun",1.40781841856061,2.70431921279325,145.438652210105,NA,0.000977517106549364,"0.9"
"var","50%",1,"rich",1.10525396352639,0.768707901851173,1.97308677755376,NA,0.000977517106549364,"0.9"
"var","50%",1,"abun",1.48705362597752,2.21606087335044,161.604486459861,NA,0.000977517106549364,"0.9"
"var","97.5%",0.1,"rich",2.97574332825483,4.40900050785068,0.84490123163337,NA,0.000977517106549364,"0.9"
"var","97.5%",0.1,"abun",4.31616721652004,9.94184572699016,4.11938240297378,NA,0.000977517106549364,"0.9"
"var","97.5%",0.2,"rich",2.71823365331745,4.24630681818182,5.18062836021505,NA,0.000977517106549364,"0.9"
"var","97.5%",0.2,"abun",3.90111070858535,11.9128239934629,22.6914483242837,NA,0.000977517106549364,"0.9"
"var","97.5%",0.3,"rich",2.19604246376313,4.44959126134072,9.43421338511119,NA,0.000977517106549364,"0.9"
"var","97.5%",0.3,"abun",3.22050325425373,11.7729319403715,55.1652242561706,NA,0.000977517106549364,"0.9"
"var","97.5%",0.4,"rich",1.68710288367546,6.07439528061614,10.3166324201567,NA,0.000977517106549364,"0.9"
"var","97.5%",0.4,"abun",2.4176001048158,15.3907477624022,87.1783957264174,NA,0.000977517106549364,"0.9"
"var","97.5%",0.5,"rich",1.55435453323558,7.04408160645008,10.5433951727456,NA,0.000977517106549364,"0.9"
"var","97.5%",0.5,"abun",2.2627590802175,17.1223904875366,124.26920181528,NA,0.000977517106549364,"0.9"
"var","97.5%",0.6,"rich",1.55186186461388,6.55029638146841,9.66626019519795,NA,0.000977517106549364,"0.9"
"var","97.5%",0.6,"abun",2.18532960654936,16.6304511852395,159.964962312133,NA,0.000977517106549364,"0.9"
"var","97.5%",0.7,"rich",1.53162575700299,6.24596752714901,8.3942401904631,NA,0.000977517106549364,"0.9"
"var","97.5%",0.7,"abun",2.2192082111437,15.7132784100455,196.531001635241,NA,0.000977517106549364,"0.9"
"var","97.5%",0.8,"rich",1.56614430596285,5.71203128818426,6.69000202376588,NA,0.000977517106549364,"0.9"
"var","97.5%",0.8,"abun",2.29280532135875,14.6714370265151,231.061380246518,NA,0.000977517106549364,"0.9"
"var","97.5%",0.9,"rich",1.64422825788123,4.95193825700299,5.66881035499908,NA,0.000977517106549364,"0.9"
"var","97.5%",0.9,"abun",2.32032758278348,12.8312942698787,272.927937515274,NA,0.000977517106549364,"0.9"
"var","97.5%",1,"rich",1.67233251905395,4.20626792273796,5.5150010930245,NA,0.000977517106549364,"0.9"
"var","97.5%",1,"abun",2.37915444770283,11.0827162756598,316.811993485765,NA,0.000977517106549364,"0.9"
"mean","2.5%",0.1,"rich",1.9067138671875,3.263134765625,0.2241943359375,NA,0.000977517106549364,"1"
"mean","2.5%",0.1,"abun",2.2230712890625,4.402783203125,0.323974609375,NA,0.000977517106549364,"1"
"mean","2.5%",0.2,"rich",0.3036865234375,4.3541259765625,4.7218017578125,NA,0.000977517106549364,"1"
"mean","2.5%",0.2,"abun",0.381640625,6.497607421875,9.848779296875,NA,0.000977517106549364,"1"
"mean","2.5%",0.3,"rich",0.1294189453125,3.1893310546875,8.272607421875,NA,0.000977517106549364,"1"
"mean","2.5%",0.3,"abun",0.1356201171875,4.6941650390625,21.9128173828125,NA,0.000977517106549364,"1"
"mean","2.5%",0.4,"rich",0.1351806640625,1.36162109375,11.13125,NA,0.000977517106549364,"1"
"mean","2.5%",0.4,"abun",0.13720703125,2.3160888671875,33.904931640625,NA,0.000977517106549364,"1"
"mean","2.5%",0.5,"rich",0.1621826171875,0.4590576171875,13.603759765625,NA,0.000977517106549364,"1"
"mean","2.5%",0.5,"abun",0.1660400390625,0.855615234375,45.31953125,NA,0.000977517106549364,"1"
"mean","2.5%",0.6,"rich",0.197314453125,0.1534423828125,15.3114990234375,NA,0.000977517106549364,"1"
"mean","2.5%",0.6,"abun",0.198388671875,0.29951171875,56.538818359375,NA,0.000977517106549364,"1"
"mean","2.5%",0.7,"rich",0.2237060546875,0.0479736328125,16.4236083984375,NA,0.000977517106549364,"1"
"mean","2.5%",0.7,"abun",0.2286865234375,0.090478515625,67.118896484375,NA,0.000977517106549364,"1"
"mean","2.5%",0.8,"rich",0.2519775390625,0.0224853515625,17.203125,NA,0.000977517106549364,"1"
"mean","2.5%",0.8,"abun",0.255859375,0.047998046875,77.56630859375,NA,0.000977517106549364,"1"
"mean","2.5%",0.9,"rich",0.2795654296875,0.0040771484375,17.769921875,NA,0.000977517106549364,"1"
"mean","2.5%",0.9,"abun",0.2853515625,0.00722656250000001,87.6497314453125,NA,0.000977517106549364,"1"
"mean","2.5%",1,"rich",0.3115234375,0.002001953125,18.2063232421875,NA,0.000977517106549364,"1"
"mean","2.5%",1,"abun",0.3155029296875,0.00400390625,98.00048828125,NA,0.000977517106549364,"1"
"mean","50%",0.1,"rich",2.3173828125,4.15478515625,0.896484375,NA,0.000977517106549364,"1"
"mean","50%",0.1,"abun",2.689453125,5.71728515625,1.56591796875,NA,0.000977517106549364,"1"
"mean","50%",0.2,"rich",0.66943359375,5.431640625,5.47412109375,NA,0.000977517106549364,"1"
"mean","50%",0.2,"abun",0.82275390625,7.8251953125,11.2255859375,NA,0.000977517106549364,"1"
"mean","50%",0.3,"rich",0.22314453125,4.19384765625,9.72705078125,NA,0.000977517106549364,"1"
"mean","50%",0.3,"abun",0.25439453125,6.36767578125,23.033203125,NA,0.000977517106549364,"1"
"mean","50%",0.4,"rich",0.1787109375,2.6875,13.13037109375,NA,0.000977517106549364,"1"
"mean","50%",0.4,"abun",0.19140625,4.31201171875,35.2294921875,NA,0.000977517106549364,"1"
"mean","50%",0.5,"rich",0.21630859375,1.33203125,15.5791015625,NA,0.000977517106549364,"1"
"mean","50%",0.5,"abun",0.21875,2.31982421875,47.095703125,NA,0.000977517106549364,"1"
"mean","50%",0.6,"rich",0.23974609375,0.64306640625,17.0849609375,NA,0.000977517106549364,"1"
"mean","50%",0.6,"abun",0.2470703125,1.1826171875,58.138671875,NA,0.000977517106549364,"1"
"mean","50%",0.7,"rich",0.271484375,0.29833984375,17.94921875,NA,0.000977517106549364,"1"
"mean","50%",0.7,"abun",0.2783203125,0.5537109375,68.6201171875,NA,0.000977517106549364,"1"
"mean","50%",0.8,"rich",0.31640625,0.12939453125,18.5283203125,NA,0.000977517106549364,"1"
"mean","50%",0.8,"abun",0.3212890625,0.25537109375,78.6455078125,NA,0.000977517106549364,"1"
"mean","50%",0.9,"rich",0.35595703125,0.0625,18.88037109375,NA,0.000977517106549364,"1"
"mean","50%",0.9,"abun",0.35986328125,0.12451171875,88.7451171875,NA,0.000977517106549364,"1"
"mean","50%",1,"rich",0.39013671875,0.03466796875,19.14697265625,NA,0.000977517106549364,"1"
"mean","50%",1,"abun",0.39599609375,0.07666015625,98.68994140625,NA,0.000977517106549364,"1"
"mean","97.5%",0.1,"rich",2.571044921875,5.237255859375,1.4251220703125,NA,0.000977517106549364,"1"
"mean","97.5%",0.1,"abun",3.024658203125,7.1429931640625,2.7452392578125,NA,0.000977517106549364,"1"
"mean","97.5%",0.2,"rich",1.11123046875,6.5305419921875,6.2916748046875,NA,0.000977517106549364,"1"
"mean","97.5%",0.2,"abun",1.3761474609375,9.4804931640625,12.2507080078125,NA,0.000977517106549364,"1"
"mean","97.5%",0.3,"rich",0.53564453125,4.8484130859375,11.2352294921875,NA,0.000977517106549364,"1"
"mean","97.5%",0.3,"abun",0.639892578125,7.4371337890625,24.6607421875,NA,0.000977517106549364,"1"
"mean","97.5%",0.4,"rich",0.3210693359375,3.5549560546875,14.9818603515625,NA,0.000977517106549364,"1"
"mean","97.5%",0.4,"abun",0.3658203125,5.4954833984375,37.25615234375,NA,0.000977517106549364,"1"
"mean","97.5%",0.5,"rich",0.278564453125,2.3987548828125,17.083544921875,NA,0.000977517106549364,"1"
"mean","97.5%",0.5,"abun",0.3030029296875,3.9772705078125,48.581201171875,NA,0.000977517106549364,"1"
"mean","97.5%",0.6,"rich",0.2898681640625,1.6640869140625,18.0866943359375,NA,0.000977517106549364,"1"
"mean","97.5%",0.6,"abun",0.3081298828125,2.6728515625,58.8974365234375,NA,0.000977517106549364,"1"
"mean","97.5%",0.7,"rich",0.342578125,1.2084228515625,18.7213134765625,NA,0.000977517106549364,"1"
"mean","97.5%",0.7,"abun",0.3446044921875,2.0517822265625,69.022998046875,NA,0.000977517106549364,"1"
"mean","97.5%",0.8,"rich",0.3779052734375,0.82001953125,19.0911376953125,NA,0.000977517106549364,"1"
"mean","97.5%",0.8,"abun",0.3827880859375,1.4236572265625,79.095947265625,NA,0.000977517106549364,"1"
"mean","97.5%",0.9,"rich",0.4197509765625,0.618994140625,19.35302734375,NA,0.000977517106549364,"1"
"mean","97.5%",0.9,"abun",0.4275634765625,1.0431640625,88.947705078125,NA,0.000977517106549364,"1"
"mean","97.5%",1,"rich",0.4627685546875,0.4300537109375,19.511181640625,NA,0.000977517106549364,"1"
"mean","97.5%",1,"abun",0.4715087890625,0.77373046875,98.8466552734375,NA,0.000977517106549364,"1"
"var","2.5%",0.1,"rich",1.59516100394062,1.99026969544233,0.211234597423326,NA,0.000977517106549364,"1"
"var","2.5%",0.1,"abun",2.52620757728495,4.89169826414345,0.565493646138807,NA,0.000977517106549364,"1"
"var","2.5%",0.2,"rich",0.322971532678091,2.85168275656006,1.41850218413978,NA,0.000977517106549364,"1"
"var","2.5%",0.2,"abun",0.562682520772238,7.83786122311828,10.6100101713328,NA,0.000977517106549364,"1"
"var","2.5%",0.3,"rich",0.13797479743249,2.01564077487323,1.95144116950758,NA,0.000977517106549364,"1"
"var","2.5%",0.3,"abun",0.166449780058651,6.06220371399224,19.9391708717085,NA,0.000977517106549364,"1"
"var","2.5%",0.4,"rich",0.1291015625,1.18301029447703,1.98155339782655,NA,0.000977517106549364,"1"
"var","2.5%",0.4,"abun",0.15018796202957,4.54392724657105,25.7484598616584,NA,0.000977517106549364,"1"
"var","2.5%",0.5,"rich",0.162082717612109,0.487227054122373,1.99211883992394,NA,0.000977517106549364,"1"
"var","2.5%",0.5,"abun",0.173078186094819,2.18221147971652,30.3013599324902,NA,0.000977517106549364,"1"
"var","2.5%",0.6,"rich",0.193710550884348,0.166338974103434,1.60881008770925,NA,0.000977517106549364,"1"
"var","2.5%",0.6,"abun",0.196556853502261,0.831301166911046,30.4353326612903,NA,0.000977517106549364,"1"
"var","2.5%",0.7,"rich",0.211966947702835,0.0598630664635264,1.18314298478739,NA,0.000977517106549364,"1"
"var","2.5%",0.7,"abun",0.225759174723546,0.263490786137586,28.6132342833578,NA,0.000977517106549364,"1"
"var","2.5%",0.8,"rich",0.240111994440371,0.0239562570640885,0.852613497945687,NA,0.000977517106549364,"1"
"var","2.5%",0.8,"abun",0.247521841397849,0.141730243462854,24.2566513165934,NA,0.000977517106549364,"1"
"var","2.5%",0.9,"rich",0.284326124144673,0.00406335437286168,0.562958378199841,NA,0.000977517106549364,"1"
"var","2.5%",0.9,"abun",0.287118157380254,0.0158752978372434,20.8909627397972,NA,0.000977517106549364,"1"
"var","2.5%",1,"rich",0.306603013501955,0.00199980526026393,0.455992638074291,NA,0.000977517106549364,"1"
"var","2.5%",1,"abun",0.313086390938111,0.0100031311094819,13.3378913886852,NA,0.000977517106549364,"1"
"var","50%",0.1,"rich",1.87026467421188,2.62314710868768,0.453980327468231,NA,0.000977517106549364,"1"
"var","50%",0.1,"abun",2.99183429557674,6.3289149369196,2.02755376344086,NA,0.000977517106549364,"1"
"var","50%",0.2,"rich",0.617602753848974,3.31241408541056,1.91368638501955,NA,0.000977517106549364,"1"
"var","50%",0.2,"abun",1.16086981839565,9.39986177297165,12.5166803175403,NA,0.000977517106549364,"1"
"var","50%",0.3,"rich",0.221736009286413,2.49333875549853,2.52790410404448,NA,0.000977517106549364,"1"
"var","50%",0.3,"abun",0.340379761577468,8.0394037718414,21.7201809552175,NA,0.000977517106549364,"1"
"var","50%",0.4,"rich",0.180764296187683,1.78716617408969,2.78508513181207,NA,0.000977517106549364,"1"
"var","50%",0.4,"abun",0.213850004582111,6.18365245830279,28.748342325727,NA,0.000977517106549364,"1"
"var","50%",0.5,"rich",0.208981988483627,1.11973725409335,2.57495141052664,NA,0.000977517106549364,"1"
"var","50%",0.5,"abun",0.22185199398216,4.56784341016007,31.9438949092742,NA,0.000977517106549364,"1"
"var","50%",0.6,"rich",0.237940455461877,0.595142770955523,2.09034348652859,NA,0.000977517106549364,"1"
"var","50%",0.6,"abun",0.2578879139174,2.70786891724707,32.8577860573986,NA,0.000977517106549364,"1"
"var","50%",0.7,"rich",0.27029779905914,0.291230888776882,1.5784700902676,NA,0.000977517106549364,"1"
"var","50%",0.7,"abun",0.291062878024194,1.40631014021261,31.5939595361376,NA,0.000977517106549364,"1"
"var","50%",0.8,"rich",0.308993730144184,0.134339870478983,1.2055286992913,NA,0.000977517106549364,"1"
"var","50%",0.8,"abun",0.327588033815982,0.711322206439394,29.0112710395283,NA,0.000977517106549364,"1"
"var","50%",0.9,"rich",0.350982099217986,0.0677403126527371,0.974635626680108,NA,0.000977517106549364,"1"
"var","50%",0.9,"abun",0.365787569495357,0.388148750610948,24.0389097629521,NA,0.000977517106549364,"1"
"var","50%",1,"rich",0.387644718352884,0.0383861612597752,0.77871790612781,NA,0.000977517106549364,"1"
"var","50%",1,"abun",0.405963140731916,0.216032712457234,17.809241927847,NA,0.000977517106549364,"1"
"var","97.5%",0.1,"rich",2.10980543209311,3.35258431085044,0.880182558956501,NA,0.000977517106549364,"1"
"var","97.5%",0.1,"abun",3.37901486036015,7.69236574890793,3.37506834982893,NA,0.000977517106549364,"1"
"var","97.5%",0.2,"rich",0.997554751458639,3.73185810823711,2.71761144076857,NA,0.000977517106549364,"1"
"var","97.5%",0.2,"abun",1.66591586861559,11.3319334982893,13.8511249083578,NA,0.000977517106549364,"1"
"var","97.5%",0.3,"rich",0.488364682612415,2.954257521345,3.56693207115255,NA,0.000977517106549364,"1"
"var","97.5%",0.3,"abun",0.809851444128788,9.76646674819007,23.9867002544981,NA,0.000977517106549364,"1"
"var","97.5%",0.4,"rich",0.313649561071909,2.17689902267381,3.20121666991233,NA,0.000977517106549364,"1"
"var","97.5%",0.4,"abun",0.453061423203812,7.72893374266862,31.229670006835,NA,0.000977517106549364,"1"
"var","97.5%",0.5,"rich",0.269651053121945,1.76253601253207,2.87282328228098,NA,0.000977517106549364,"1"
"var","97.5%",0.5,"abun",0.361823064630682,6.42553753894795,34.6757694844743,NA,0.000977517106549364,"1"
"var","97.5%",0.6,"rich",0.303492523521505,1.13078720674487,2.46531802239889,NA,0.000977517106549364,"1"
"var","97.5%",0.6,"abun",0.345448412107466,5.00631355293102,36.9375233639953,NA,0.000977517106549364,"1"
"var","97.5%",0.7,"rich",0.31912611498045,0.806261574604411,2.21080884290231,NA,0.000977517106549364,"1"
"var","97.5%",0.7,"abun",0.342397227058895,3.64475245620265,35.2701552524362,NA,0.000977517106549364,"1"
"var","97.5%",0.8,"rich",0.367772291972141,0.613628082424548,1.77482241931665,NA,0.000977517106549364,"1"
"var","97.5%",0.8,"abun",0.38656868585044,2.67727074646414,32.7764135575131,NA,0.000977517106549364,"1"
"var","97.5%",0.9,"rich",0.408028336540811,0.467043354411046,1.46433379918133,NA,0.000977517106549364,"1"
"var","97.5%",0.9,"abun",0.43639005509989,2.14499843444526,28.9155718522804,NA,0.000977517106549364,"1"
"var","97.5%",1,"rich",0.448700207722385,0.353412241110704,1.25718322336266,NA,0.000977517106549364,"1"
"var","97.5%",1,"abun",0.468888394084494,1.58510649113361,23.0645839060973,NA,0.000977517106549364,"1"
