"cross_space","cross_run","p_obs","core_core","core_trans","trans_core","trans_trans","land_het","hp"
"mean","2.5%",0.1,0.1240478515625,11.23642578125,0,12.6628662109375,0.000977517106549364,"0.5"
"mean","2.5%",0.2,3.212255859375,4.1147705078125,0.0492431640625,14.0905517578125,0.000977517106549364,"0.5"
"mean","2.5%",0.3,6.6177978515625,1.8108642578125,0.3675537109375,13.2817138671875,0.000977517106549364,"0.5"
"mean","2.5%",0.4,9.5942138671875,0.932373046875,0.7986572265625,10.5391845703125,0.000977517106549364,"0.5"
"mean","2.5%",0.5,11.5791259765625,0.583447265625,1.2784912109375,8.2849853515625,0.000977517106549364,"0.5"
"mean","2.5%",0.6,13.0375,0.3918701171875,1.765478515625,6.5116455078125,0.000977517106549364,"0.5"
"mean","2.5%",0.7,14.276611328125,0.258251953125,2.2353515625,5.1467529296875,0.000977517106549364,"0.5"
"mean","2.5%",0.8,15.2834228515625,0.18388671875,2.769677734375,4.0558837890625,0.000977517106549364,"0.5"
"mean","2.5%",0.9,15.9816162109375,0.1224853515625,3.2191650390625,3.235546875,0.000977517106549364,"0.5"
"mean","2.5%",1,16.45205078125,0.0912353515625,3.6739501953125,2.6171630859375,0.000977517106549364,"0.5"
"mean","50%",0.1,0.513671875,12.65625,0.0029296875,15.9013671875,0.000977517106549364,"0.5"
"mean","50%",0.2,4.23779296875,5.7666015625,0.1640625,15.990234375,0.000977517106549364,"0.5"
"mean","50%",0.3,8.439453125,2.91748046875,0.62451171875,14.341796875,0.000977517106549364,"0.5"
"mean","50%",0.4,11.48095703125,1.724609375,1.31884765625,12.8642578125,0.000977517106549364,"0.5"
"mean","50%",0.5,13.66748046875,1.15966796875,2.15185546875,11.623046875,0.000977517106549364,"0.5"
"mean","50%",0.6,15.26171875,0.865234375,2.9921875,10.3046875,0.000977517106549364,"0.5"
"mean","50%",0.7,16.35693359375,0.6611328125,3.82177734375,9.15673828125,0.000977517106549364,"0.5"
"mean","50%",0.8,17.10791015625,0.525390625,4.66064453125,8.17333984375,0.000977517106549364,"0.5"
"mean","50%",0.9,17.626953125,0.43408203125,5.400390625,7.38818359375,0.000977517106549364,"0.5"
"mean","50%",1,18.02587890625,0.37841796875,6.09033203125,6.72314453125,0.000977517106549364,"0.5"
"mean","97.5%",0.1,0.9890869140625,14.13916015625,0.05087890625,18.1258544921875,0.000977517106549364,"0.5"
"mean","97.5%",0.2,5.548095703125,7.7505859375,0.359228515625,16.97333984375,0.000977517106549364,"0.5"
"mean","97.5%",0.3,9.989306640625,4.70361328125,0.9331787109375,15.0335693359375,0.000977517106549364,"0.5"
"mean","97.5%",0.4,13.3240234375,3.138818359375,1.7555908203125,13.94091796875,0.000977517106549364,"0.5"
"mean","97.5%",0.5,15.437353515625,2.3931396484375,2.8251220703125,13.22998046875,0.000977517106549364,"0.5"
"mean","97.5%",0.6,16.7468994140625,1.854443359375,4.071044921875,12.684521484375,0.000977517106549364,"0.5"
"mean","97.5%",0.7,17.605712890625,1.5149169921875,5.4428955078125,12.156298828125,0.000977517106549364,"0.5"
"mean","97.5%",0.8,18.19755859375,1.3052978515625,6.6124267578125,11.6283935546875,0.000977517106549364,"0.5"
"mean","97.5%",0.9,18.649462890625,1.1276123046875,7.780517578125,11.17333984375,0.000977517106549364,"0.5"
"mean","97.5%",1,18.910498046875,1.0265625,8.8701171875,10.7403564453125,0.000977517106549364,"0.5"
"var","2.5%",0.1,0.127204210387647,5.16486742424242,0,2.68736265598271,0.000977517106549364,"0.5"
"var","2.5%",0.2,3.35169843597263,8.58098502508706,0.0675176029447703,6.44229460685484,0.000977517106549364,"0.5"
"var","2.5%",0.3,6.80275155791789,6.50963859073344,0.935376835708394,14.7720506476051,0.000977517106549364,"0.5"
"var","2.5%",0.4,9.31613886470552,4.10610492366966,3.49853830645161,20.2172764693304,0.000977517106549364,"0.5"
"var","2.5%",0.5,9.70746731427175,2.20680064092284,6.99176616053427,21.5513594313218,0.000977517106549364,"0.5"
"var","2.5%",0.6,8.92946390728098,1.34898964442815,10.5188032909106,20.4333902278837,0.000977517106549364,"0.5"
"var","2.5%",0.7,7.95232160312806,0.866244802167339,14.3192975623167,17.4886119018435,0.000977517106549364,"0.5"
"var","2.5%",0.8,6.91184521150263,0.570473637585533,17.1931108193197,14.4922142289834,0.000977517106549364,"0.5"
"var","2.5%",0.9,6.0066908373045,0.398583459341398,19.7150587273949,11.9589208936645,0.000977517106549364,"0.5"
"var","2.5%",1,5.00846146539742,0.303279097362231,21.5354761625199,9.59846184246701,0.000977517106549364,"0.5"
"var","50%",0.1,0.408305745204057,8.25092787756598,0.00292395986070381,11.7905855747495,0.000977517106549364,"0.5"
"var","50%",0.2,5.64442624327957,15.6930090343964,0.305387703903959,12.3872299418072,0.000977517106549364,"0.5"
"var","50%",0.3,11.9796859726295,13.6665000878238,2.05212438141496,22.6641937584005,0.000977517106549364,"0.5"
"var","50%",0.4,16.8401678389235,10.531588885325,5.71469435407503,31.7980868730144,0.000977517106549364,"0.5"
"var","50%",0.5,18.6899070404142,8.08134297867791,11.0175165528776,38.1313443151271,0.000977517106549364,"0.5"
"var","50%",0.6,18.2132758087427,6.29222177037512,16.6732205179313,41.34627302511,0.000977517106549364,"0.5"
"var","50%",0.7,16.934603246426,4.59859749205767,22.6609695747801,42.5223893420088,0.000977517106549364,"0.5"
"var","50%",0.8,15.8577206668499,3.64894678259409,27.7883809109238,43.1692951758003,0.000977517106549364,"0.5"
"var","50%",0.9,14.4794520940249,3.14905942616691,32.375724546371,41.9293414551259,0.000977517106549364,"0.5"
"var","50%",1,12.7572464183162,2.69635636226173,36.3191531303458,40.4573610665628,0.000977517106549364,"0.5"
"var","97.5%",0.1,0.814712801846591,12.6040692967986,0.049262280058651,28.0205300786978,0.000977517106549364,"0.5"
"var","97.5%",0.2,8.2758645632866,25.7059410893206,0.61688820698161,19.0957508314623,0.000977517106549364,"0.5"
"var","97.5%",0.3,20.5279706639861,26.0161618707234,3.70580553519061,30.0131080843719,0.000977517106549364,"0.5"
"var","97.5%",0.4,27.880275036466,23.3774758914116,9.41765890857923,44.1756861950528,0.000977517106549364,"0.5"
"var","97.5%",0.5,31.663046297463,21.2750043911901,15.9616497080813,50.8533502871456,0.000977517106549364,"0.5"
"var","97.5%",0.6,32.8865290696786,18.5560292949658,23.951997728991,55.1582687064699,0.000977517106549364,"0.5"
"var","97.5%",0.7,31.6405648597874,16.8924880817372,31.1410991292079,57.3080444932567,0.000977517106549364,"0.5"
"var","97.5%",0.8,29.7264032716276,15.1851791605572,37.854351979663,58.6460720804313,0.000977517106549364,"0.5"
"var","97.5%",0.9,29.1340370931467,12.691739598607,43.7979729168576,58.1346930749022,0.000977517106549364,"0.5"
"var","97.5%",1,27.8796775720919,11.2757692219575,48.1535395140289,56.6630219788612,0.000977517106549364,"0.5"
"mean","2.5%",0.1,0.202685546875,10.80791015625,0,12.1595458984375,0.000977517106549364,"0.6"
"mean","2.5%",0.2,3.48837890625,3.581005859375,0.0619873046875,13.4664306640625,0.000977517106549364,"0.6"
"mean","2.5%",0.3,6.8262939453125,1.3821044921875,0.33466796875,13.0193359375,0.000977517106549364,"0.6"
"mean","2.5%",0.4,9.4821533203125,0.748828125,0.779296875,11.41787109375,0.000977517106549364,"0.6"
"mean","2.5%",0.5,11.5892333984375,0.47568359375,1.2318115234375,9.7540283203125,0.000977517106549364,"0.6"
"mean","2.5%",0.6,13.3279296875,0.29794921875,1.6345703125,8.300830078125,0.000977517106549364,"0.6"
"mean","2.5%",0.7,14.4655029296875,0.204638671875,2.0455810546875,7.1205810546875,0.000977517106549364,"0.6"
"mean","2.5%",0.8,15.2621826171875,0.1566162109375,2.4391845703125,6.058349609375,0.000977517106549364,"0.6"
"mean","2.5%",0.9,15.90048828125,0.119091796875,2.8439697265625,5.2633544921875,0.000977517106549364,"0.6"
"mean","2.5%",1,16.4033203125,0.090771484375,3.2564208984375,4.5810546875,0.000977517106549364,"0.6"
"mean","50%",0.1,0.5361328125,12.2490234375,0.0029296875,14.62841796875,0.000977517106549364,"0.6"
"mean","50%",0.2,4.6328125,5.63671875,0.1865234375,15.0673828125,0.000977517106549364,"0.6"
"mean","50%",0.3,8.60205078125,2.9423828125,0.7041015625,13.853515625,0.000977517106549364,"0.6"
"mean","50%",0.4,11.66162109375,1.85009765625,1.39501953125,12.888671875,0.000977517106549364,"0.6"
"mean","50%",0.5,13.73828125,1.328125,2.10546875,11.77392578125,0.000977517106549364,"0.6"
"mean","50%",0.6,15.29052734375,1.03515625,2.85009765625,10.857421875,0.000977517106549364,"0.6"
"mean","50%",0.7,16.27783203125,0.83935546875,3.4873046875,9.97314453125,0.000977517106549364,"0.6"
"mean","50%",0.8,17.00537109375,0.6875,4.16748046875,9.22216796875,0.000977517106549364,"0.6"
"mean","50%",0.9,17.51904296875,0.5908203125,4.8427734375,8.54931640625,0.000977517106549364,"0.6"
"mean","50%",1,17.86083984375,0.521484375,5.482421875,8.02099609375,0.000977517106549364,"0.6"
"mean","97.5%",0.1,1.2240478515625,13.81923828125,0.0620361328125,17.180712890625,0.000977517106549364,"0.6"
"mean","97.5%",0.2,5.857421875,7.4837646484375,0.4392333984375,16.3639404296875,0.000977517106549364,"0.6"
"mean","97.5%",0.3,10.5234375,4.57314453125,1.1066650390625,15.1012451171875,0.000977517106549364,"0.6"
"mean","97.5%",0.4,13.80791015625,3.2137451171875,1.902392578125,14.0202880859375,0.000977517106549364,"0.6"
"mean","97.5%",0.5,15.9990966796875,2.4408203125,2.8776611328125,13.310302734375,0.000977517106549364,"0.6"
"mean","97.5%",0.6,17.3870849609375,1.997265625,3.9612548828125,12.888134765625,0.000977517106549364,"0.6"
"mean","97.5%",0.7,18.182958984375,1.7035888671875,4.948486328125,12.404931640625,0.000977517106549364,"0.6"
"mean","97.5%",0.8,18.6378173828125,1.475439453125,5.9369384765625,11.986474609375,0.000977517106549364,"0.6"
"mean","97.5%",0.9,18.9159912109375,1.306689453125,6.7757568359375,11.618798828125,0.000977517106549364,"0.6"
"mean","97.5%",1,19.1140869140625,1.1896728515625,7.6194580078125,11.253369140625,0.000977517106549364,"0.6"
"var","2.5%",0.1,0.197518213892962,4.9277110826002,0,7.45508435380773,0.000977517106549364,"0.6"
"var","2.5%",0.2,3.4033058979411,8.1308390418805,0.113098991744563,9.1122637587442,0.000977517106549364,"0.6"
"var","2.5%",0.3,7.42253150678916,5.48213005177786,1.09247311827957,14.5510096634821,0.000977517106549364,"0.6"
"var","2.5%",0.4,8.94257853070778,3.27521879582111,3.32625378024194,20.4863716789238,0.000977517106549364,"0.6"
"var","2.5%",0.5,9.92205286706531,1.88326080710075,6.93183443399468,24.7227570564516,0.000977517106549364,"0.6"
"var","2.5%",0.6,9.37684897742546,1.32809521627566,10.4019051321557,28.9662583814455,0.000977517106549364,"0.6"
"var","2.5%",0.7,7.91612292277615,0.9373179803962,14.3828228813462,31.6145382759042,0.000977517106549364,"0.6"
"var","2.5%",0.8,6.53072515731916,0.656637570259042,18.1112198010218,31.9163453699673,0.000977517106549364,"0.6"
"var","2.5%",0.9,5.34212829052878,0.439265640273705,21.5188653164712,30.878126312584,0.000977517106549364,"0.6"
"var","2.5%",1,4.32017897440891,0.289285233573131,24.8520561270467,29.6526138081928,0.000977517106549364,"0.6"
"var","50%",0.1,0.439282727730938,8.6759282594086,0.00340937729105572,19.8810078163184,0.000977517106549364,"0.6"
"var","50%",0.2,6.02190583379154,16.1053074214932,0.410770062011241,16.7770607091581,0.000977517106549364,"0.6"
"var","50%",0.3,13.1318034808773,14.8528450138991,2.476630277065,23.5145004734848,0.000977517106549364,"0.6"
"var","50%",0.4,18.4470756582967,11.5547209112292,6.44632772406525,31.9345789039589,0.000977517106549364,"0.6"
"var","50%",0.5,18.8011506827346,8.95319898200758,12.0904203323558,37.6659173005254,0.000977517106549364,"0.6"
"var","50%",0.6,19.1232735940555,7.2643052564455,18.1117386058162,41.4476646505376,0.000977517106549364,"0.6"
"var","50%",0.7,18.8445881445503,6.13336521719208,23.5500972744074,44.1760022414162,0.000977517106549364,"0.6"
"var","50%",0.8,17.6606927388807,5.35886237628299,29.3520207111437,45.8016131896078,0.000977517106549364,"0.6"
"var","50%",0.9,15.878814130468,4.39729531326368,34.1648161618707,46.0756411137586,0.000977517106549364,"0.6"
"var","50%",1,14.3745260378482,4.0107364598607,38.2411751397544,46.0194544041728,0.000977517106549364,"0.6"
"var","97.5%",0.1,0.914776474103433,13.2263260439577,0.060297078331195,33.8291946605037,0.000977517106549364,"0.6"
"var","97.5%",0.2,9.06959578140273,28.7348950696481,0.920389250366568,25.4984259731259,0.000977517106549364,"0.6"
"var","97.5%",0.3,20.7606614277859,27.5865828140274,4.85643316513166,33.1458329514907,0.000977517106549364,"0.6"
"var","97.5%",0.4,29.4837664144596,23.7551721298799,11.2656065522284,43.9861251040521,0.000977517106549364,"0.6"
"var","97.5%",0.5,33.2375764639846,19.5809280350761,19.218678141992,50.2012402248289,0.000977517106549364,"0.6"
"var","97.5%",0.6,33.0685709874068,17.7835517473118,27.7441028225806,54.458188113812,0.000977517106549364,"0.6"
"var","97.5%",0.7,33.2227985579713,16.3915822555825,35.339744637975,55.7815501282991,0.000977517106549364,"0.6"
"var","97.5%",0.8,31.3204899374924,14.7868784556757,41.9026553335777,57.7954335441105,0.000977517106549364,"0.6"
"var","97.5%",0.9,29.8258121792522,13.6062282349707,48.1853378161657,58.7854626787023,0.000977517106549364,"0.6"
"var","97.5%",1,28.2769351783969,12.7836348219468,52.2626702063477,59.4773372825406,0.000977517106549364,"0.6"
"mean","2.5%",0.1,0.16689453125,10.411083984375,0,9.0417236328125,0.000977517106549364,"0.7"
"mean","2.5%",0.2,3.7052490234375,3.6402099609375,0.0712158203125,9.4260009765625,0.000977517106549364,"0.7"
"mean","2.5%",0.3,7.18974609375,1.6494140625,0.364990234375,9.615869140625,0.000977517106549364,"0.7"
"mean","2.5%",0.4,10.0126953125,0.8565673828125,0.737158203125,9.888330078125,0.000977517106549364,"0.7"
"mean","2.5%",0.5,11.838427734375,0.547802734375,1.13984375,9.8798828125,0.000977517106549364,"0.7"
"mean","2.5%",0.6,12.8876953125,0.38515625,1.602392578125,10,0.000977517106549364,"0.7"
"mean","2.5%",0.7,13.6193603515625,0.2697021484375,2.0407470703125,9.4758544921875,0.000977517106549364,"0.7"
"mean","2.5%",0.8,14.103125,0.209130859375,2.4709228515625,9.0242431640625,0.000977517106549364,"0.7"
"mean","2.5%",0.9,14.3956787109375,0.1704345703125,2.8881591796875,8.5818359375,0.000977517106549364,"0.7"
"mean","2.5%",1,14.609033203125,0.13232421875,3.239794921875,8.16787109375,0.000977517106549364,"0.7"
"mean","50%",0.1,0.7060546875,11.705078125,0.0078125,12.18359375,0.000977517106549364,"0.7"
"mean","50%",0.2,4.775390625,5.5166015625,0.2353515625,12.85986328125,0.000977517106549364,"0.7"
"mean","50%",0.3,8.84619140625,3.02197265625,0.77001953125,12.552734375,0.000977517106549364,"0.7"
"mean","50%",0.4,11.79345703125,2.080078125,1.39697265625,12.08154296875,0.000977517106549364,"0.7"
"mean","50%",0.5,13.86181640625,1.6103515625,2.123046875,11.52978515625,0.000977517106549364,"0.7"
"mean","50%",0.6,15.38232421875,1.28515625,2.8232421875,11.21044921875,0.000977517106549364,"0.7"
"mean","50%",0.7,16.29443359375,1.1259765625,3.4599609375,10.85546875,0.000977517106549364,"0.7"
"mean","50%",0.8,16.8857421875,0.98046875,4.01708984375,10.49169921875,0.000977517106549364,"0.7"
"mean","50%",0.9,17.31396484375,0.865234375,4.54443359375,10.18798828125,0.000977517106549364,"0.7"
"mean","50%",1,17.6279296875,0.77490234375,4.95166015625,9.9658203125,0.000977517106549364,"0.7"
"mean","97.5%",0.1,1.2682861328125,13.5932373046875,0.0639892578125,14.05908203125,0.000977517106549364,"0.7"
"mean","97.5%",0.2,5.766552734375,6.98056640625,0.552954101562499,14.5388427734375,0.000977517106549364,"0.7"
"mean","97.5%",0.3,10.5078857421875,5.24609375,1.5402099609375,13.9945068359375,0.000977517106549364,"0.7"
"mean","97.5%",0.4,13.952392578125,4.7535888671875,2.467822265625,13.385302734375,0.000977517106549364,"0.7"
"mean","97.5%",0.5,15.9736572265625,4.39697265625,3.2602783203125,12.791552734375,0.000977517106549364,"0.7"
"mean","97.5%",0.6,17.10419921875,4.0553466796875,3.981591796875,12.418896484375,0.000977517106549364,"0.7"
"mean","97.5%",0.7,17.8197509765625,3.8022705078125,4.651171875,12.2292724609375,0.000977517106549364,"0.7"
"mean","97.5%",0.8,18.4022705078125,3.595947265625,5.0857421875,11.965771484375,0.000977517106549364,"0.7"
"mean","97.5%",0.9,18.7561279296875,3.415869140625,5.6142578125,11.8751220703125,0.000977517106549364,"0.7"
"mean","97.5%",1,18.98505859375,3.236572265625,6.0963623046875,11.796337890625,0.000977517106549364,"0.7"
"var","2.5%",0.1,0.17307627688172,5.0839768097431,0,18.0583696799777,0.000977517106549364,"0.7"
"var","2.5%",0.2,3.06160913730297,9.57275135267748,0.118195564516129,13.9069509914544,0.000977517106549364,"0.7"
"var","2.5%",0.3,7.44491960780945,7.02087638608871,1.05752108248564,18.4744944403715,0.000977517106549364,"0.7"
"var","2.5%",0.4,10.8632846865836,4.2501863630636,3.35379482355053,22.2910602051259,0.000977517106549364,"0.7"
"var","2.5%",0.5,11.9747059095873,2.55097653863484,6.27091101444129,27.2282028242989,0.000977517106549364,"0.7"
"var","2.5%",0.6,10.5202264899499,1.61236012627535,10.1308459389128,30.642318829996,0.000977517106549364,"0.7"
"var","2.5%",0.7,8.97750259652981,1.11693777492669,14.6077339120158,33.9744877819908,0.000977517106549364,"0.7"
"var","2.5%",0.8,7.879558651981,0.807561605533663,19.3329056695992,37.3464620610719,0.000977517106549364,"0.7"
"var","2.5%",0.9,6.34430760955065,0.645029936461388,23.8932362546203,40.0756167474264,0.000977517106549364,"0.7"
"var","2.5%",1,5.24865562759653,0.493245681359971,27.7001279888731,41.979888062836,0.000977517106549364,"0.7"
"var","50%",0.1,0.487328075360459,9.1899375878238,0.00775904203323558,32.0956191196237,0.000977517106549364,"0.7"
"var","50%",0.2,6.84170475546799,19.3094065974768,0.580140174425709,22.4568188500428,0.000977517106549364,"0.7"
"var","50%",0.3,15.7281371235032,18.8085622479839,3.51502837090665,26.3639031761669,0.000977517106549364,"0.7"
"var","50%",0.4,22.2719922256843,15.4290755972019,8.42945218948558,31.8458343834005,0.000977517106549364,"0.7"
"var","50%",0.5,24.838384156586,12.8924554580584,14.4905522589809,37.7460054488942,0.000977517106549364,"0.7"
"var","50%",0.6,25.5315612017351,10.9337560331134,20.835348507759,42.0835280730694,0.000977517106549364,"0.7"
"var","50%",0.7,24.8723533533419,9.50623692189027,26.3324087968903,45.9549230014357,0.000977517106549364,"0.7"
"var","50%",0.8,23.2361906616569,8.1689414940738,32.0104429183468,48.6279010493035,0.000977517106549364,"0.7"
"var","50%",0.9,21.8923447236987,6.90653829117791,37.8370820732527,51.5762873823925,0.000977517106549364,"0.7"
"var","50%",1,21.0559280112109,5.92786945182674,42.9789771772666,52.5375346522177,0.000977517106549364,"0.7"
"var","97.5%",0.1,1.06202033407411,16.322375237697,0.0746807795698923,46.1419567954622,0.000977517106549364,"0.7"
"var","97.5%",0.2,12.3661534701857,40.4984009385692,1.66296680260264,32.7180512280059,0.000977517106549364,"0.7"
"var","97.5%",0.3,30.8712648154936,51.3653527462121,8.7986927617913,35.6647158088572,0.000977517106549364,"0.7"
"var","97.5%",0.4,47.1174295166254,49.7432979222034,18.2952054886058,46.8871023109115,0.000977517106549364,"0.7"
"var","97.5%",0.5,60.1201872556207,46.7593456219834,29.2852382745677,53.2790388687149,0.000977517106549364,"0.7"
"var","97.5%",0.6,65.7113719175754,43.0503459494135,39.2376607557429,56.5207448651714,0.000977517106549364,"0.7"
"var","97.5%",0.7,67.2524358456668,39.2951821007453,48.317419254605,58.6167079056696,0.000977517106549364,"0.7"
"var","97.5%",0.8,66.6320715105312,36.0830577145574,55.76424251493,61.1238549733092,0.000977517106549364,"0.7"
"var","97.5%",0.9,65.3744141818258,32.8832279447703,61.1393201244425,62.1657978076506,0.000977517106549364,"0.7"
"var","97.5%",1,63.9912669967696,30.0031779806635,65.021083249328,64.0164957682292,0.000977517106549364,"0.7"
"mean","2.5%",0.1,0.2162841796875,9.026123046875,0,5.2590087890625,0.000977517106549364,"0.8"
"mean","2.5%",0.2,4.386083984375,3.26728515625,0.075146484375,5.6201904296875,0.000977517106549364,"0.8"
"mean","2.5%",0.3,7.7975341796875,1.5352294921875,0.312060546875,6.1710205078125,0.000977517106549364,"0.8"
"mean","2.5%",0.4,9.9738525390625,0.8696533203125,0.6537353515625,6.854296875,0.000977517106549364,"0.8"
"mean","2.5%",0.5,11.7433349609375,0.5963134765625,1.01171875,7.6239990234375,0.000977517106549364,"0.8"
"mean","2.5%",0.6,13.280712890625,0.458935546875,1.3999755859375,8.29375,0.000977517106549364,"0.8"
"mean","2.5%",0.7,14.49150390625,0.3473876953125,1.7842041015625,8.9014404296875,0.000977517106549364,"0.8"
"mean","2.5%",0.8,15.142236328125,0.2843994140625,2.1444580078125,9.4722900390625,0.000977517106549364,"0.8"
"mean","2.5%",0.9,15.4426513671875,0.231201171875,2.4831787109375,9.862939453125,0.000977517106549364,"0.8"
"mean","2.5%",1,15.69970703125,0.1985595703125,2.7650634765625,10.1991455078125,0.000977517106549364,"0.8"
"mean","50%",0.1,0.8447265625,10.8154296875,0.0126953125,8.1806640625,0.000977517106549364,"0.8"
"mean","50%",0.2,5.5634765625,4.70703125,0.3291015625,9.189453125,0.000977517106549364,"0.8"
"mean","50%",0.3,9.578125,2.90478515625,0.88671875,9.65185546875,0.000977517106549364,"0.8"
"mean","50%",0.4,12.47509765625,2.2236328125,1.4560546875,10.0703125,0.000977517106549364,"0.8"
"mean","50%",0.5,14.412109375,1.92529296875,2.01171875,10.42822265625,0.000977517106549364,"0.8"
"mean","50%",0.6,15.61328125,1.71435546875,2.4619140625,10.658203125,0.000977517106549364,"0.8"
"mean","50%",0.7,16.38818359375,1.5546875,2.82177734375,10.88818359375,0.000977517106549364,"0.8"
"mean","50%",0.8,16.87744140625,1.47265625,3.123046875,11.05322265625,0.000977517106549364,"0.8"
"mean","50%",0.9,17.17724609375,1.37548828125,3.35693359375,11.21337890625,0.000977517106549364,"0.8"
"mean","50%",1,17.43310546875,1.31201171875,3.5439453125,11.30615234375,0.000977517106549364,"0.8"
"mean","97.5%",0.1,1.4446044921875,12.3220947265625,0.1001220703125,10.8750732421875,0.000977517106549364,"0.8"
"mean","97.5%",0.2,6.4432373046875,6.9095458984375,0.599658203125,12.1003173828125,0.000977517106549364,"0.8"
"mean","97.5%",0.3,11.2361328125,4.306884765625,1.445361328125,12.3505859375,0.000977517106549364,"0.8"
"mean","97.5%",0.4,14.50595703125,3.5448486328125,2.1348388671875,12.33232421875,0.000977517106549364,"0.8"
"mean","97.5%",0.5,16.3910888671875,3.3740966796875,2.741650390625,12.2768310546875,0.000977517106549364,"0.8"
"mean","97.5%",0.6,17.400244140625,3.333154296875,3.1890869140625,12.5823486328125,0.000977517106549364,"0.8"
"mean","97.5%",0.7,18.027978515625,3.2955078125,3.48095703125,12.690673828125,0.000977517106549364,"0.8"
"mean","97.5%",0.8,18.4665283203125,3.270263671875,3.7025634765625,12.6272216796875,0.000977517106549364,"0.8"
"mean","97.5%",0.9,18.7787109375,3.2404296875,3.86044921875,12.780859375,0.000977517106549364,"0.8"
"mean","97.5%",1,18.9891357421875,3.190673828125,4.0920654296875,12.883837890625,0.000977517106549364,"0.8"
"var","2.5%",0.1,0.221430320404142,3.88931986192571,0,22.3015328117363,0.000977517106549364,"0.8"
"var","2.5%",0.2,3.75590290505865,7.44855482114492,0.179855319831378,7.9785793927175,0.000977517106549364,"0.8"
"var","2.5%",0.3,7.774036992913,6.76081941516984,1.21591560609879,9.09500509282594,0.000977517106549364,"0.8"
"var","2.5%",0.4,9.27786906998412,4.20004792124878,3.41262400339076,14.4616287306024,0.000977517106549364,"0.8"
"var","2.5%",0.5,9.73172730327468,2.65954785538093,6.49417737735215,18.9540368163108,0.000977517106549364,"0.8"
"var","2.5%",0.6,9.96566776637341,1.82508534182551,10.6803778714565,22.7746036473607,0.000977517106549364,"0.8"
"var","2.5%",0.7,8.86635840034671,1.27587143645375,15.2578231677282,25.6672538690203,0.000977517106549364,"0.8"
"var","2.5%",0.8,8.04803370142962,0.989157554947153,19.3255070631339,28.2518878537772,0.000977517106549364,"0.8"
"var","2.5%",0.9,6.52703190390549,0.823858576948925,23.3503528225806,30.5360671355694,0.000977517106549364,"0.8"
"var","2.5%",1,5.35998308437195,0.708750567990897,27.1986314760508,32.5906441637265,0.000977517106549364,"0.8"
"var","50%",0.1,0.573484657563539,7.34551984054252,0.0125922149926686,34.834477906586,0.000977517106549364,"0.8"
"var","50%",0.2,7.67437797837243,20.1659974874756,1.02360837457234,23.2196998335166,0.000977517106549364,"0.8"
"var","50%",0.3,18.1926147818915,24.8894097858627,4.91166786947092,25.3784480388563,0.000977517106549364,"0.8"
"var","50%",0.4,26.7066408159213,21.7281805581012,11.3185364545149,27.3224388860887,0.000977517106549364,"0.8"
"var","50%",0.5,31.4596864881171,20.3045834478861,18.2675738292705,30.108775507087,0.000977517106549364,"0.8"
"var","50%",0.6,32.8944501084433,18.522558307368,25.9140835013441,33.4443493019917,0.000977517106549364,"0.8"
"var","50%",0.7,33.2129894267779,17.0628851837427,32.4062070427053,36.001841913337,0.000977517106549364,"0.8"
"var","50%",0.8,32.7319574589137,15.4180317540323,37.5217459371945,38.8732110673265,0.000977517106549364,"0.8"
"var","50%",0.9,31.6742071038001,14.1096799967925,42.5338379383553,40.4913736979167,0.000977517106549364,"0.8"
"var","50%",1,31.0724727746212,13.5923118852334,46.4105934597996,41.4511002795088,0.000977517106549364,"0.8"
"var","97.5%",0.1,1.17260832875122,13.3157569504903,0.119765152469758,47.8674499452056,0.000977517106549364,"0.8"
"var","97.5%",0.2,12.5664774636486,37.8256381544782,2.20249037756598,36.4773764214091,0.000977517106549364,"0.8"
"var","97.5%",0.3,31.7538817882072,46.3144956288566,9.61718160530456,33.765825849218,0.000977517106549364,"0.8"
"var","97.5%",0.4,46.7755691364247,45.2572723836144,20.7047670425907,40.2311728677908,0.000977517106549364,"0.8"
"var","97.5%",0.5,56.6220323191593,45.7632728494624,32.4074683643389,43.2770254841764,0.000977517106549364,"0.8"
"var","97.5%",0.6,61.2226151780532,44.8680369327728,42.9193094233031,45.5053074930887,0.000977517106549364,"0.8"
"var","97.5%",0.7,62.5839716071374,43.481777921287,50.192519392832,46.7119775438355,0.000977517106549364,"0.8"
"var","97.5%",0.8,62.688119754437,43.4890863651637,55.4864302679008,47.6415520422852,0.000977517106549364,"0.8"
"var","97.5%",0.9,62.8645760783236,42.8132361925709,58.1833642625855,48.6157426075269,0.000977517106549364,"0.8"
"var","97.5%",1,63.1060327315494,41.6027243516312,60.0792458990103,50.0883068095903,0.000977517106549364,"0.8"
"mean","2.5%",0.1,0.285302734375,7.979931640625,0,2.981103515625,0.000977517106549364,"0.9"
"mean","2.5%",0.2,4.5911376953125,2.11904296875,0.0811767578125,3.5625732421875,0.000977517106549364,"0.9"
"mean","2.5%",0.3,8.120263671875,1.339990234375,0.2906494140625,4.4423095703125,0.000977517106549364,"0.9"
"mean","2.5%",0.4,10.9202880859375,0.85830078125,0.4971435546875,5.3096435546875,0.000977517106549364,"0.9"
"mean","2.5%",0.5,12.974755859375,0.6562255859375,0.7148193359375,6.1537353515625,0.000977517106549364,"0.9"
"mean","2.5%",0.6,14.7239990234375,0.5318359375,0.9120849609375,6.9180908203125,0.000977517106549364,"0.9"
"mean","2.5%",0.7,15.9976806640625,0.4450439453125,1.087451171875,7.5717041015625,0.000977517106549364,"0.9"
"mean","2.5%",0.8,16.6802978515625,0.388525390625,1.2314453125,8.24443359375,0.000977517106549364,"0.9"
"mean","2.5%",0.9,17.091943359375,0.353369140625,1.353662109375,8.784814453125,0.000977517106549364,"0.9"
"mean","2.5%",1,17.3422607421875,0.3224853515625,1.479052734375,9.305224609375,0.000977517106549364,"0.9"
"mean","50%",0.1,0.95556640625,9.650390625,0.009765625,3.5703125,0.000977517106549364,"0.9"
"mean","50%",0.2,6.4541015625,3.3505859375,0.251953125,4.39404296875,0.000977517106549364,"0.9"
"mean","50%",0.3,10.71337890625,1.7939453125,0.603515625,5.462890625,0.000977517106549364,"0.9"
"mean","50%",0.4,13.81640625,1.58251953125,0.93017578125,6.37255859375,0.000977517106549364,"0.9"
"mean","50%",0.5,15.84375,1.5546875,1.1953125,7.2529296875,0.000977517106549364,"0.9"
"mean","50%",0.6,16.87353515625,1.5498046875,1.419921875,8.05908203125,0.000977517106549364,"0.9"
"mean","50%",0.7,17.45361328125,1.53369140625,1.5830078125,8.81103515625,0.000977517106549364,"0.9"
"mean","50%",0.8,17.7333984375,1.53466796875,1.70751953125,9.4521484375,0.000977517106549364,"0.9"
"mean","50%",0.9,17.88671875,1.52001953125,1.81298828125,10.03173828125,0.000977517106549364,"0.9"
"mean","50%",1,17.9404296875,1.5,1.87841796875,10.53857421875,0.000977517106549364,"0.9"
"mean","97.5%",0.1,1.9294189453125,12.047021484375,0.0864501953125,5.886572265625,0.000977517106549364,"0.9"
"mean","97.5%",0.2,7.362744140625,5.62919921875,0.426806640625,7.4174072265625,0.000977517106549364,"0.9"
"mean","97.5%",0.3,12.6279052734375,2.9976806640625,0.9567138671875,8.286962890625,0.000977517106549364,"0.9"
"mean","97.5%",0.4,15.6253662109375,2.0923583984375,1.3794189453125,9.13193359375,0.000977517106549364,"0.9"
"mean","97.5%",0.5,17.1193603515625,1.8544921875,1.651513671875,9.8181640625,0.000977517106549364,"0.9"
"mean","97.5%",0.6,17.8322509765625,1.7632080078125,1.802197265625,10.5300537109375,0.000977517106549364,"0.9"
"mean","97.5%",0.7,18.3155029296875,1.68271484375,1.9,11.012548828125,0.000977517106549364,"0.9"
"mean","97.5%",0.8,18.67744140625,1.6802001953125,1.9518310546875,11.497802734375,0.000977517106549364,"0.9"
"mean","97.5%",0.9,18.891552734375,1.67587890625,1.98544921875,11.870751953125,0.000977517106549364,"0.9"
"mean","97.5%",1,19.037109375,1.6620849609375,2.010791015625,12.219921875,0.000977517106549364,"0.9"
"var","2.5%",0.1,0.222821110551075,2.60571522941105,0,12.6115127220415,0.000977517106549364,"0.9"
"var","2.5%",0.2,3.24425443796585,6.29238376710655,0.188373822970125,3.52496489434415,0.000977517106549364,"0.9"
"var","2.5%",0.3,7.79864682135111,8.1682788300724,1.17150616389449,5.14838041452835,0.000977517106549364,"0.9"
"var","2.5%",0.4,10.9776530663872,6.03380154398063,2.94470248254979,7.12110339152615,0.000977517106549364,"0.9"
"var","2.5%",0.5,12.1660683431467,4.15537789532166,5.56913325066441,9.17679516148124,0.000977517106549364,"0.9"
"var","2.5%",0.6,11.963981167522,2.92502291055718,8.24491232893451,10.689815469781,0.000977517106549364,"0.9"
"var","2.5%",0.7,11.843097884401,2.20090993096285,11.2086784236009,12.2295283670882,0.000977517106549364,"0.9"
"var","2.5%",0.8,10.2797453491569,1.74210645390396,13.8996708516618,13.6039696358749,0.000977517106549364,"0.9"
"var","2.5%",0.9,8.71968245967742,1.48882654512616,16.5722491103067,14.7437553457967,0.000977517106549364,"0.9"
"var","2.5%",1,7.49341567292125,1.31583902278837,19.1601257980511,15.8145382043087,0.000977517106549364,"0.9"
"var","50%",0.1,0.541333986284213,3.70561270466764,0.0101947206439394,18.5205841810239,0.000977517106549364,"0.9"
"var","50%",0.2,6.17334652599585,12.2500906876222,0.840532498625367,7.72073367240958,0.000977517106549364,"0.9"
"var","50%",0.3,14.5430222079668,16.9801050449047,4.30319019962732,9.04724681925098,0.000977517106549364,"0.9"
"var","50%",0.4,22.0657356388991,19.562315760936,9.12708008767106,11.8091526721347,0.000977517106549364,"0.9"
"var","50%",0.5,28.4308993730144,20.7884758942754,14.1569177472813,14.1551001764113,0.000977517106549364,"0.9"
"var","50%",0.6,31.8842305680291,21.4450790986987,19.0542397895283,15.6969687423631,0.000977517106549364,"0.9"
"var","50%",0.7,33.6397190783847,21.138444201338,23.396744982588,17.3126890120968,0.000977517106549364,"0.9"
"var","50%",0.8,34.7862096583272,21.1997700352823,26.539024315738,18.5010820465237,0.000977517106549364,"0.9"
"var","50%",0.9,35.0295579598912,20.9653835800037,29.8031806535618,19.4650093742363,0.000977517106549364,"0.9"
"var","50%",1,35.1269660121884,20.5571847507331,31.5841991614736,20.2797106969391,0.000977517106549364,"0.9"
"var","97.5%",0.1,1.06218347633339,7.79797444422807,0.100717028844391,30.9709009910725,0.000977517106549364,"0.9"
"var","97.5%",0.2,8.56150360554893,21.4923280896796,1.89754539631446,24.9371456500489,0.000977517106549364,"0.9"
"var","97.5%",0.3,20.7743779783724,24.8260156775034,8.86664642900782,24.5373183383737,0.000977517106549364,"0.9"
"var","97.5%",0.4,29.2044939057918,25.2842126452911,17.3992287495036,26.517649696626,0.000977517106549364,"0.9"
"var","97.5%",0.5,33.8538321725318,25.6810973345476,24.9675032838465,27.9382657137784,0.000977517106549364,"0.9"
"var","97.5%",0.6,35.3594259759897,25.8212490883507,29.6371516640701,28.0371158663245,0.000977517106549364,"0.9"
"var","97.5%",0.7,35.9474279797089,25.371962895398,32.5296646610383,28.316734634653,0.000977517106549364,"0.9"
"var","97.5%",0.8,36.0337522146872,25.3722367004216,34.248055180077,28.1840256378681,0.000977517106549364,"0.9"
"var","97.5%",0.9,36.0749994988316,25.1027187433177,35.3311136821847,27.8683778227716,0.000977517106549364,"0.9"
"var","97.5%",1,36.1173627657625,24.9482381542873,35.7826961334616,27.8995713577942,0.000977517106549364,"0.9"
"mean","2.5%",0.1,0.344921875,8.0122314453125,0,1.21572265625,0.000977517106549364,"1"
"mean","2.5%",0.2,5.9417724609375,0.713818359375,0.001953125,2.3234375,0.000977517106549364,"1"
"mean","2.5%",0.3,9.8361572265625,0.05390625,0.005859375,3.3086669921875,0.000977517106549364,"1"
"mean","2.5%",0.4,13.091259765625,0.012744140625,0.0078125,4.2768798828125,0.000977517106549364,"1"
"mean","2.5%",0.5,15.5985107421875,0.009765625,0.01171875,4.983056640625,0.000977517106549364,"1"
"mean","2.5%",0.6,16.94169921875,0.0087890625,0.0126953125,5.8468994140625,0.000977517106549364,"1"
"mean","2.5%",0.7,17.908740234375,0.0087890625,0.0146484375,6.4809814453125,0.000977517106549364,"1"
"mean","2.5%",0.8,18.5598388671875,0.0087890625,0.0146728515625,7.08681640625,0.000977517106549364,"1"
"mean","2.5%",0.9,18.8980712890625,0.0087890625,0.0156494140625,7.7048095703125,0.000977517106549364,"1"
"mean","2.5%",1,19.2505615234375,0.0088134765625,0.017578125,8.26962890625,0.000977517106549364,"1"
"mean","50%",0.1,1.177734375,9.7939453125,0,1.4794921875,0.000977517106549364,"1"
"mean","50%",0.2,6.876953125,2.0478515625,0.0048828125,2.77685546875,0.000977517106549364,"1"
"mean","50%",0.3,11.7548828125,0.310546875,0.0087890625,3.91796875,0.000977517106549364,"1"
"mean","50%",0.4,15.3291015625,0.0556640625,0.0126953125,4.94677734375,0.000977517106549364,"1"
"mean","50%",0.5,17.74267578125,0.01806640625,0.015625,5.86572265625,0.000977517106549364,"1"
"mean","50%",0.6,18.9833984375,0.0126953125,0.017578125,6.673828125,0.000977517106549364,"1"
"mean","50%",0.7,19.51513671875,0.0126953125,0.0185546875,7.41796875,0.000977517106549364,"1"
"mean","50%",0.8,19.78369140625,0.01220703125,0.01953125,8.1416015625,0.000977517106549364,"1"
"mean","50%",0.9,19.8857421875,0.01220703125,0.01953125,8.75,0.000977517106549364,"1"
"mean","50%",1,19.93408203125,0.0126953125,0.01953125,9.32958984375,0.000977517106549364,"1"
"mean","97.5%",0.1,1.9373779296875,11.29189453125,0.001953125,1.7310546875,0.000977517106549364,"1"
"mean","97.5%",0.2,8.2761474609375,3.957666015625,0.0077880859375,3.147705078125,0.000977517106549364,"1"
"mean","97.5%",0.3,13.8424560546875,1.5385009765625,0.013671875,4.4578857421875,0.000977517106549364,"1"
"mean","97.5%",0.4,17.758251953125,0.65537109375,0.0165771484375,5.580908203125,0.000977517106549364,"1"
"mean","97.5%",0.5,19.29267578125,0.266748046875,0.0195068359375,6.61025390625,0.000977517106549364,"1"
"mean","97.5%",0.6,19.75390625,0.1081787109375,0.01953125,7.5380126953125,0.000977517106549364,"1"
"mean","97.5%",0.7,19.9149169921875,0.045849609375,0.01953125,8.3543212890625,0.000977517106549364,"1"
"mean","97.5%",0.8,19.9558349609375,0.0292724609375,0.01953125,9.0116943359375,0.000977517106549364,"1"
"mean","97.5%",0.9,19.96962890625,0.0205078125,0.01953125,9.6439208984375,0.000977517106549364,"1"
"mean","97.5%",1,19.97841796875,0.0185302734375,0.01953125,10.2748046875,0.000977517106549364,"1"
"var","2.5%",0.1,0.160482844765701,1.74700072168255,0,1.26722437167797,0.000977517106549364,"1"
"var","2.5%",0.2,1.27775048398552,0.813147700543744,0.00390625,2.11325394825269,0.000977517106549364,"1"
"var","2.5%",0.3,1.4283724340176,0.129126000427664,0.03515625,2.59020860062317,0.000977517106549364,"1"
"var","2.5%",0.4,1.33083534278012,0.0694292980205279,0.0625,3.15621728086052,0.000977517106549364,"1"
"var","2.5%",0.5,1.12842398277126,0.053767664994196,0.140625,3.60452082569648,0.000977517106549364,"1"
"var","2.5%",0.6,0.661323924731183,0.0509889723851417,0.1650390625,3.79813536702713,0.000977517106549364,"1"
"var","2.5%",0.7,0.472953299692998,0.0770018099340176,0.2197265625,4.0490402147101,0.000977517106549364,"1"
"var","2.5%",0.8,0.417989488827285,0.0655914217146261,0.2204833984375,4.14949455969728,0.000977517106549364,"1"
"var","2.5%",0.9,0.401031356915934,0.0791015625,0.2508056640625,4.181818301144,0.000977517106549364,"1"
"var","2.5%",1,0.39259301686217,0.0791255469895528,0.31640625,4.23898773044202,0.000977517106549364,"1"
"var","50%",0.1,0.445503421309873,2.2473304427847,0,1.49809221881109,0.000977517106549364,"1"
"var","50%",0.2,1.700461170424,1.54550323038856,0.0244140625,2.33870872281281,0.000977517106549364,"1"
"var","50%",0.3,2.00538541284824,0.374540834249756,0.0791015625,3.1123801014174,0.000977517106549364,"1"
"var","50%",0.4,2.2617545477456,0.15593497983871,0.1650390625,3.61980073542889,0.000977517106549364,"1"
"var","50%",0.5,1.82910394901637,0.118641843077957,0.25,3.9999226768695,0.000977517106549364,"1"
"var","50%",0.6,1.25891554786779,0.119119623655914,0.31640625,4.24827216214565,0.000977517106549364,"1"
"var","50%",0.7,0.803532426075269,0.135859604105572,0.3525390625,4.40848282471896,0.000977517106549364,"1"
"var","50%",0.8,0.603127577437683,0.140625,0.390625,4.52411479334677,0.000977517106549364,"1"
"var","50%",0.9,0.494921015854106,0.140625,0.390625,4.51817714060973,0.000977517106549364,"1"
"var","50%",1,0.442864411504154,0.1650390625,0.390625,4.58633270711144,0.000977517106549364,"1"
"var","97.5%",0.1,0.935987831630315,3.23146700593383,0.00390625,1.72915626145528,0.000977517106549364,"1"
"var","97.5%",0.2,2.56861692784702,1.96999802873748,0.0621337890625,2.61370874667797,0.000977517106549364,"1"
"var","97.5%",0.3,3.2199547134653,1.02808910679374,0.19140625,3.5273049929741,0.000977517106549364,"1"
"var","97.5%",0.4,2.68262005131965,0.529670197756293,0.2814208984375,4.11737078445748,0.000977517106549364,"1"
"var","97.5%",0.5,2.40038642473118,0.359475424608993,0.3896728515625,4.48372388673784,0.000977517106549364,"1"
"var","97.5%",0.6,1.88398435113484,0.269170862162451,0.390625,4.67644486860796,0.000977517106549364,"1"
"var","97.5%",0.7,1.45601848404662,0.227074169110459,0.390625,4.84906152630132,0.000977517106549364,"1"
"var","97.5%",0.8,1.18875394729808,0.25,0.390625,5.10223979334677,0.000977517106549364,"1"
"var","97.5%",0.9,1.00047455878085,0.25,0.390625,5.10639758217253,0.000977517106549364,"1"
"var","97.5%",1,0.843911519428153,0.281468151461694,0.390625,5.07044841210747,0.000977517106549364,"1"
